id;type;GlobalId;Name;material_name;Espesor_mm;area_m2;volume_m3;objectType;is_target_class
593;IfcBeam;2Uhw1he2z3UO$DBmBugLyy;M_W-Wide Flange:W460X60:W460X60:190021;;;10.549633518762139;0.05543942421188272;M_W-Wide Flange:W460X60:176883;True
594;IfcBeam;1LjG5joarCGOsly5yT5gae;M_W-Wide Flange:W460X60:W460X60:189738;;;8.64210939521899;0.04540040593447356;M_W-Wide Flange:W460X60:176883;True
595;IfcBeam;2t9idiDlv0ZBWxqSNhKb18;M_W-Wide Flange:W460X60:W460X60:181131;;;6.805844364242806;0.03573641376090472;M_W-Wide Flange:W460X60:176883;True
596;IfcBeam;2t9idiDlv0ZBWxqSNhKYX0;M_W-Wide Flange:W460X60:W460X60:179075;;;14.09375933289754;0.0740916359462315;M_W-Wide Flange:W460X60:176883;True
597;IfcBeam;2t9idiDlv0ZBWxqSNhKYzg;M_W-Wide Flange:W460X60:W460X60:179369;;;6.86842331453572;0.03606575754782609;M_W-Wide Flange:W460X60:176883;True
598;IfcBeam;2t9idiDlv0ZBWxqSNhKYLI;M_W-Wide Flange:W460X60:W460X60:177809;;;8.954201413575133;0.04704290022215191;M_W-Wide Flange:W460X60:176883;True
599;IfcBeam;2t9idiDlv0ZBWxqSNhKYGS;M_W-Wide Flange:W460X60:W460X60:178143;;;12.323024476974265;0.0647725194194251;M_W-Wide Flange:W460X60:176883;True
600;IfcBeam;2t9idiDlv0ZBWxqSNhKYLQ;M_W-Wide Flange:W460X60:W460X60:177817;;;10.090422946125976;0.05302266665952972;M_W-Wide Flange:W460X60:176883;True
601;IfcBeam;2t9idiDlv0ZBWxqSNhKYzr;M_W-Wide Flange:W460X60:W460X60:179382;;;8.99330514164328;0.04724869737876462;M_W-Wide Flange:W460X60:176883;True
602;IfcBeam;2t9idiDlv0ZBWxqSNhKb8K;M_W-Wide Flange:W460X60:W460X60:180695;;;8.604481279535413;0.04520237471316776;M_W-Wide Flange:W460X60:176883;True
603;IfcBeam;2t9idiDlv0ZBWxqSNhKYoH;M_W-Wide Flange:W460X60:W460X60:180050;;;10.891643578126533;0.057239372745351055;M_W-Wide Flange:W460X60:176883;True
604;IfcBeam;2t9idiDlv0ZBWxqSNhKYud;M_W-Wide Flange:W460X60:W460X60:179684;;;8.993305141643477;0.04724869737876342;M_W-Wide Flange:W460X60:176883;True
605;IfcBeam;2t9idiDlv0ZBWxqSNhKYxl;M_W-Wide Flange:W460X60:W460X60:179500;;;7.694618686066815;0.040413902004494726;M_W-Wide Flange:W460X60:176883;True
606;IfcBeam;2t9idiDlv0ZBWxqSNhKYuK;M_W-Wide Flange:W460X60:W460X60:179671;;;6.86842331453574;0.03606575754782495;M_W-Wide Flange:W460X60:176883;True
607;IfcBeam;2t9idiDlv0ZBWxqSNhKYL3;M_W-Wide Flange:W460X60:W460X60:177792;;;14.492174675480303;0.0761884371647534;M_W-Wide Flange:W460X60:176883;True
608;IfcBeam;0NwXg6Ayr9z88KpqSjwzLT;M_W-Wide Flange:W460X60:W460X60:189060;;;8.642109395218982;0.04540040593447364;M_W-Wide Flange:W460X60:176883;True
609;IfcBeam;2t9idiDlv0ZBWxqSNhKYGi;M_W-Wide Flange:W460X60:W460X60:178159;;;10.813436121989993;0.05682777843208153;M_W-Wide Flange:W460X60:176883;True
610;IfcBeam;2Uhw1he2z3UO$DBmBugL$C;M_W-Wide Flange:W460X60:W460X60:190133;;;10.412565723308862;0.054718056609342994;M_W-Wide Flange:W460X60:176883;True
611;IfcBeam;2t9idiDlv0ZBWxqSNhKbCx;M_W-Wide Flange:W460X60:W460X60:180472;;;7.512528118382781;0.03945558618831721;M_W-Wide Flange:W460X60:176883;True
612;IfcBeam;2t9idiDlv0ZBWxqSNhKb1z;M_W-Wide Flange:W460X60:W460X60:181182;;;14.05465560482906;0.07388583878957569;M_W-Wide Flange:W460X60:176883;True
613;IfcBeam;0NwXg6Ayr9z88KpqSjw_0W;M_W-Wide Flange:W460X60:W460X60:186361;;;12.398280708346075;0.06516858186479879;M_W-Wide Flange:W460X60:176883;True
614;IfcBeam;2t9idiDlv0ZBWxqSNhKYcv;M_W-Wide Flange:W460X60:W460X60:178810;;;14.054655604824228;0.07388583878163175;M_W-Wide Flange:W460X60:176883;True
615;IfcBeam;2t9idiDlv0ZBWxqSNhKYZS;M_W-Wide Flange:W460X60:W460X60:178975;;;8.604481279535474;0.045202374713172525;M_W-Wide Flange:W460X60:176883;True
616;IfcBeam;2t9idiDlv0ZBWxqSNhKYof;M_W-Wide Flange:W460X60:W460X60:180074;;;9.091433364914494;0.04776513175803365;M_W-Wide Flange:W460X60:176883;True
617;IfcBeam;2t9idiDlv0ZBWxqSNhKYHD;M_W-Wide Flange:W460X60:W460X60:178062;;;6.868423314535665;0.03606575754782797;M_W-Wide Flange:W460X60:176883;True
618;IfcBeam;2t9idiDlv0ZBWxqSNhKYun;M_W-Wide Flange:W460X60:W460X60:179698;;;10.09042294612605;0.05302266665953484;M_W-Wide Flange:W460X60:176883;True
619;IfcBeam;2t9idiDlv0ZBWxqSNhKYuz;M_W-Wide Flange:W460X60:W460X60:179710;;;10.090422946126093;0.05302266665951471;M_W-Wide Flange:W460X60:176883;True
620;IfcBeam;2t9idiDlv0ZBWxqSNhKbUs;M_W-Wide Flange:W460X60:W460X60:181365;;;8.604481279530434;0.045202374708299575;M_W-Wide Flange:W460X60:176883;True
621;IfcBeam;2t9idiDlv0ZBWxqSNhKYJZ;M_W-Wide Flange:W460X60:W460X60:177952;;;14.492174675475258;0.07618843715654498;M_W-Wide Flange:W460X60:176883;True
622;IfcBeam;2t9idiDlv0ZBWxqSNhKYxG;M_W-Wide Flange:W460X60:W460X60:179475;;;10.341277050715215;0.05434287483400095;M_W-Wide Flange:W460X60:176883;True
623;IfcBeam;2t9idiDlv0ZBWxqSNhKYLE;M_W-Wide Flange:W460X60:W460X60:177805;;;6.829319586467412;0.03585996039121329;M_W-Wide Flange:W460X60:176883;True
624;IfcBeam;3CGq687PzBuuySFo1Q5m$A;M_W-Wide Flange:W460X60:W460X60:242096;;;1.4544023779228379;0.007572563430616405;M_W-Wide Flange:W460X60:176883;True
625;IfcBeam;3CGq687PzBuuySFo1Q5mn6;M_W-Wide Flange:W460X60:W460X60:242236;;;1.5318720278709719;0.007980274778670799;M_W-Wide Flange:W460X60:176883;True
626;IfcBeam;2t9idiDlv0ZBWxqSNhKYZq;M_W-Wide Flange:W460X60:W460X60:178999;;;14.09375933289727;0.07409163594622827;M_W-Wide Flange:W460X60:176883;True
627;IfcBeam;0NwXg6Ayr9z88KpqSjw_kV;M_W-Wide Flange:W460X60:W460X60:187462;;;4.725846546833369;0.024789691852917583;M_W-Wide Flange:W460X60:176883;True
628;IfcBeam;2LX158HAHA$f07Y9Ra1FPJ;M_W-Wide Flange:W460X60:W460X60:225399;;;10.54963351876201;0.05543942421188839;M_W-Wide Flange:W460X60:176883;True
629;IfcBeam;2t9idiDlv0ZBWxqSNhKYKy;M_W-Wide Flange:W460X60:W460X60:177919;;;14.49217467548025;0.0761884371647571;M_W-Wide Flange:W460X60:176883;True
630;IfcBeam;2t9idiDlv0ZBWxqSNhKYKm;M_W-Wide Flange:W460X60:W460X60:177907;;;10.090422946130937;0.05302266666523929;M_W-Wide Flange:W460X60:176883;True
631;IfcBeam;2t9idiDlv0ZBWxqSNhKYMn;M_W-Wide Flange:W460X60:W460X60:177778;;;12.323024476974053;0.06477251941944143;M_W-Wide Flange:W460X60:176883;True
632;IfcBeam;2t9idiDlv0ZBWxqSNhKYoT;M_W-Wide Flange:W460X60:W460X60:180062;;;7.320735399300552;0.038446209379519175;M_W-Wide Flange:W460X60:176883;True
633;IfcBeam;2t9idiDlv0ZBWxqSNhKYo7;M_W-Wide Flange:W460X60:W460X60:180036;;;10.419484506856884;0.054754469153123084;M_W-Wide Flange:W460X60:176883;True
634;IfcBeam;2t9idiDlv0ZBWxqSNhKbHj;M_W-Wide Flange:W460X60:W460X60:182190;;;6.806625848553239;0.03574052659381312;M_W-Wide Flange:W460X60:176883;True
635;IfcBeam;2t9idiDlv0ZBWxqSNhKYwB;M_W-Wide Flange:W460X60:W460X60:179528;;;9.382129003761609;0.04929502005452144;M_W-Wide Flange:W460X60:176883;True
636;IfcBeam;2t9idiDlv0ZBWxqSNhKYxS;M_W-Wide Flange:W460X60:W460X60:179487;;;10.870808226444105;0.057129719360731454;M_W-Wide Flange:W460X60:176883;True
637;IfcBeam;0NwXg6Ayr9z88KpqSjw_xM;M_W-Wide Flange:W460X60:W460X60:186639;;;3.970173039103223;0.020812693574247948;M_W-Wide Flange:W460X60:176883;True
638;IfcBeam;3CGq687PzBuuySFo1Q5mn1;M_W-Wide Flange:W460X60:W460X60:242235;;;1.4544023779228206;0.007572563430616325;M_W-Wide Flange:W460X60:176883;True
639;IfcBeam;2t9idiDlv0ZBWxqSNhKbBQ;M_W-Wide Flange:W460X60:W460X60:180505;;;14.09375933289737;0.07409163594621818;M_W-Wide Flange:W460X60:176883;True
640;IfcBeam;2t9idiDlv0ZBWxqSNhKbpe;M_W-Wide Flange:W460X60:W460X60:184107;;;10.090422946131007;0.05302266666523523;M_W-Wide Flange:W460X60:176883;True
641;IfcBeam;0NwXg6Ayr9z88KpqSjw_rT;M_W-Wide Flange:W460X60:W460X60:187012;;;9.535592691269969;0.050102676814789825;M_W-Wide Flange:W460X60:176883;True
642;IfcBeam;2t9idiDlv0ZBWxqSNhKYgN;M_W-Wide Flange:W460X60:W460X60:178516;;;12.323024476974265;0.06477251941941423;M_W-Wide Flange:W460X60:176883;True
643;IfcBeam;2t9idiDlv0ZBWxqSNhKbpS;M_W-Wide Flange:W460X60:W460X60:184095;;;10.090422946131092;0.053022666665237334;M_W-Wide Flange:W460X60:176883;True
644;IfcBeam;0NwXg6Ayr9z88KpqSjw_sZ;M_W-Wide Flange:W460X60:W460X60:187002;;;9.535592691274877;0.05010267682018213;M_W-Wide Flange:W460X60:176883;True
645;IfcBeam;3CGq687PzBuuySFo1Q5n7e;M_W-Wide Flange:W460X60:W460X60:241554;;;10.419484506851825;0.05475446914723862;M_W-Wide Flange:W460X60:176883;True
646;IfcBeam;2t9idiDlv0ZBWxqSNhKb3R;M_W-Wide Flange:W460X60:W460X60:181016;;;7.5125281183826536;0.03945558618832291;M_W-Wide Flange:W460X60:176883;True
647;IfcBeam;3CGq687PzBuuySFo1Q5mnH;M_W-Wide Flange:W460X60:W460X60:242219;;;1.5318720278680324;0.007980274778655483;M_W-Wide Flange:W460X60:176883;True
648;IfcBeam;2t9idiDlv0ZBWxqSNhKbBD;M_W-Wide Flange:W460X60:W460X60:180494;;;9.460336459898137;0.04970661436779268;M_W-Wide Flange:W460X60:176883;True
649;IfcBeam;2t9idiDlv0ZBWxqSNhKYZl;M_W-Wide Flange:W460X60:W460X60:178988;;;7.512528118382721;0.039455586188332156;M_W-Wide Flange:W460X60:176883;True
650;IfcBeam;2t9idiDlv0ZBWxqSNhKYfb;M_W-Wide Flange:W460X60:W460X60:178598;;;15.67619719447427;0.08241977313933387;M_W-Wide Flange:W460X60:176883;True
651;IfcBeam;2t9idiDlv0ZBWxqSNhKYIZ;M_W-Wide Flange:W460X60:W460X60:178016;;;6.793321727336357;0.035670508964990175;M_W-Wide Flange:W460X60:176883;True
652;IfcBeam;2t9idiDlv0ZBWxqSNhKYx6;M_W-Wide Flange:W460X60:W460X60:179461;;;10.8134361219851;0.056827778425949604;M_W-Wide Flange:W460X60:176883;True
653;IfcBeam;2t9idiDlv0ZBWxqSNhKbHY;M_W-Wide Flange:W460X60:W460X60:182177;;;6.807744952983334;0.03574641627546014;M_W-Wide Flange:W460X60:176883;True
654;IfcBeam;2t9idiDlv0ZBWxqSNhKYqo;M_W-Wide Flange:W460X60:W460X60:179953;;;14.054655604824017;0.073885838781632;M_W-Wide Flange:W460X60:176883;True
655;IfcBeam;2t9idiDlv0ZBWxqSNhKYMW;M_W-Wide Flange:W460X60:W460X60:177763;;;14.093759332897509;0.07409163594623314;M_W-Wide Flange:W460X60:176883;True
656;IfcBeam;1H7etdQHD0EvT_T4m6zTMW;M_W-Wide Flange:W460X60:W460X60:177272;;;8.954201413575067;0.04704290022214894;M_W-Wide Flange:W460X60:176883;True
657;IfcBeam;0NwXg6Ayr9z88KpqSjw_sf;M_W-Wide Flange:W460X60:W460X60:186992;;;9.535592691269901;0.05010267681478359;M_W-Wide Flange:W460X60:176883;True
658;IfcBeam;2t9idiDlv0ZBWxqSNhKYJk;M_W-Wide Flange:W460X60:W460X60:177965;;;6.829319586472401;0.03585996039507407;M_W-Wide Flange:W460X60:176883;True
659;IfcBeam;2t9idiDlv0ZBWxqSNhKbtT;M_W-Wide Flange:W460X60:W460X60:183838;;;10.090422946130953;0.05302266666524185;M_W-Wide Flange:W460X60:176883;True
660;IfcBeam;2t9idiDlv0ZBWxqSNhKbpH;M_W-Wide Flange:W460X60:W460X60:184082;;;9.052329636846078;0.04755933460140932;M_W-Wide Flange:W460X60:176883;True
661;IfcBeam;0NwXg6Ayr9z88KpqSjw_fn;M_W-Wide Flange:W460X60:W460X60:187816;;;16.35793896867133;0.08600767961179467;M_W-Wide Flange:W460X60:176883;True
662;IfcBeam;2t9idiDlv0ZBWxqSNhKbOw;M_W-Wide Flange:W460X60:W460X60:181753;;;8.604481279535591;0.04520237471316925;M_W-Wide Flange:W460X60:176883;True
663;IfcBeam;2t9idiDlv0ZBWxqSNhKbAr;M_W-Wide Flange:W460X60:W460X60:180598;;;10.090422946125848;0.05302266665953287;M_W-Wide Flange:W460X60:176883;True
664;IfcBeam;2t9idiDlv0ZBWxqSNhKYMG;M_W-Wide Flange:W460X60:W460X60:177747;;;9.460336459898253;0.04970661436780183;M_W-Wide Flange:W460X60:176883;True
665;IfcBeam;0NwXg6Ayr9z88KpqSjw_yW;M_W-Wide Flange:W460X60:W460X60:186617;;;3.4784989941135493;0.01822508555421854;M_W-Wide Flange:W460X60:176883;True
666;IfcBeam;2t9idiDlv0ZBWxqSNhKYlP;M_W-Wide Flange:W460X60:W460X60:178202;;;7.242527943163995;0.038034615066252664;M_W-Wide Flange:W460X60:176883;True
667;IfcBeam;2t9idiDlv0ZBWxqSNhKYxw;M_W-Wide Flange:W460X60:W460X60:179513;;;2.522368279350006;0.013193110543438892;M_W-Wide Flange:W460X60:176883;True
668;IfcBeam;2t9idiDlv0ZBWxqSNhKb7D;M_W-Wide Flange:W460X60:W460X60:180750;;;7.512528118382645;0.03945558618831711;M_W-Wide Flange:W460X60:176883;True
669;IfcBeam;0NwXg6Ayr9z88KpqSjw_gg;M_W-Wide Flange:W460X60:W460X60:187763;;;9.798841939850542;0.05148811880495086;M_W-Wide Flange:W460X60:176883;True
670;IfcBeam;2t9idiDlv0ZBWxqSNhKbtg;M_W-Wide Flange:W460X60:W460X60:183849;;;8.954201413580295;0.04704290022721062;M_W-Wide Flange:W460X60:176883;True
671;IfcBeam;2t9idiDlv0ZBWxqSNhKYnM;M_W-Wide Flange:W460X60:W460X60:180117;;;8.954201413580083;0.04704290022721784;M_W-Wide Flange:W460X60:176883;True
672;IfcBeam;2t9idiDlv0ZBWxqSNhKYbB;M_W-Wide Flange:W460X60:W460X60:178824;;;9.460336459893258;0.04970661436244031;M_W-Wide Flange:W460X60:176883;True
673;IfcBeam;2t9idiDlv0ZBWxqSNhKYG$;M_W-Wide Flange:W460X60:W460X60:178172;;;8.122557786019557;0.04266608240146792;M_W-Wide Flange:W460X60:176883;True
674;IfcBeam;0NwXg6Ayr9z88KpqSjw_xT;M_W-Wide Flange:W460X60:W460X60:186628;;;4.335278770089262;0.022734191216826814;M_W-Wide Flange:W460X60:176883;True
675;IfcBeam;2t9idiDlv0ZBWxqSNhKYyq;M_W-Wide Flange:W460X60:W460X60:179447;;;7.242527943159032;0.03803461506214825;M_W-Wide Flange:W460X60:176883;True
676;IfcBeam;2t9idiDlv0ZBWxqSNhKYLp;M_W-Wide Flange:W460X60:W460X60:177840;;;9.013225908772707;0.04735353743967871;M_W-Wide Flange:W460X60:176883;True
677;IfcBeam;2t9idiDlv0ZBWxqSNhKbH6;M_W-Wide Flange:W460X60:W460X60:182149;;;6.808526437298786;0.03575052911221484;M_W-Wide Flange:W460X60:176883;True
678;IfcBeam;2t9idiDlv0ZBWxqSNhKbB0;M_W-Wide Flange:W460X60:W460X60:180483;;;14.093759332897745;0.07409163594619857;M_W-Wide Flange:W460X60:176883;True
679;IfcBeam;0NwXg6Ayr9z88KpqSjw_ht;M_W-Wide Flange:W460X60:W460X60:187694;;;9.535592691269956;0.050102676814771915;M_W-Wide Flange:W460X60:176883;True
680;IfcBeam;2t9idiDlv0ZBWxqSNhKbG4;M_W-Wide Flange:W460X60:W460X60:182215;;;9.013225908777827;0.04735353744478513;M_W-Wide Flange:W460X60:176883;True
681;IfcBeam;2t9idiDlv0ZBWxqSNhKbCe;M_W-Wide Flange:W460X60:W460X60:180459;;;8.604481279535584;0.045202374713167424;M_W-Wide Flange:W460X60:176883;True
682;IfcBeam;2t9idiDlv0ZBWxqSNhKYfV;M_W-Wide Flange:W460X60:W460X60:178588;;;10.34127705071506;0.05434287483401889;M_W-Wide Flange:W460X60:176883;True
683;IfcBeam;2t9idiDlv0ZBWxqSNhKYIH;M_W-Wide Flange:W460X60:W460X60:178002;;;5.0894179463452875;0.02670311453512081;M_W-Wide Flange:W460X60:176883;True
684;IfcBeam;2t9idiDlv0ZBWxqSNhKbHu;M_W-Wide Flange:W460X60:W460X60:182203;;;7.473424390309436;0.039249789027458855;M_W-Wide Flange:W460X60:176883;True
685;IfcBeam;2t9idiDlv0ZBWxqSNhKbZv;M_W-Wide Flange:W460X60:W460X60:183098;;;10.813436121990131;0.05682777843207343;M_W-Wide Flange:W460X60:176883;True
686;IfcBeam;2t9idiDlv0ZBWxqSNhKYKH;M_W-Wide Flange:W460X60:W460X60:177874;;;14.49217467548014;0.07618843716473499;M_W-Wide Flange:W460X60:176883;True
687;IfcBeam;0NwXg6Ayr9z88KpqSjw_gd;M_W-Wide Flange:W460X60:W460X60:187774;;;9.798841939850536;0.051488118804950474;M_W-Wide Flange:W460X60:176883;True
688;IfcBeam;2t9idiDlv0ZBWxqSNhKYt9;M_W-Wide Flange:W460X60:W460X60:179722;;;9.013225908772775;0.04735353743968218;M_W-Wide Flange:W460X60:176883;True
689;IfcBeam;0NwXg6Ayr9z88KpqSjw_yt;M_W-Wide Flange:W460X60:W460X60:186606;;;7.527616254962629;0.0395349928228004;M_W-Wide Flange:W460X60:176883;True
690;IfcBeam;0NwXg6Ayr9z88KpqSjw_sy;M_W-Wide Flange:W460X60:W460X60:186981;;;9.535592691269864;0.05010267681479034;M_W-Wide Flange:W460X60:176883;True
691;IfcBeam;2t9idiDlv0ZBWxqSNhKYHs;M_W-Wide Flange:W460X60:W460X60:178101;;;10.090422946126102;0.053022666659529955;M_W-Wide Flange:W460X60:176883;True
692;IfcBeam;2t9idiDlv0ZBWxqSNhKb46;M_W-Wide Flange:W460X60:W460X60:180933;;;6.845729576626565;0.035946323754292964;M_W-Wide Flange:W460X60:176883;True
693;IfcBeam;2t9idiDlv0ZBWxqSNhKbYK;M_W-Wide Flange:W460X60:W460X60:183127;;;10.341277050715187;0.05434287483400256;M_W-Wide Flange:W460X60:176883;True
694;IfcBeam;2t9idiDlv0ZBWxqSNhKb3c;M_W-Wide Flange:W460X60:W460X60:181029;;;14.054655604829161;0.07388583878957773;M_W-Wide Flange:W460X60:176883;True
695;IfcBeam;2LX158HAHA$f07Y9Ra1FSi;M_W-Wide Flange:W460X60:W460X60:225544;;;10.41256572330883;0.05471805660932663;M_W-Wide Flange:W460X60:176883;True
696;IfcBeam;2t9idiDlv0ZBWxqSNhKbYc;M_W-Wide Flange:W460X60:W460X60:183141;;;10.870808226444131;0.05712971936073302;M_W-Wide Flange:W460X60:176883;True
697;IfcBeam;0NwXg6Ayr9z88KpqSjw_fg;M_W-Wide Flange:W460X60:W460X60:187827;;;16.343182844867048;0.08593002029815461;M_W-Wide Flange:W460X60:176883;True
698;IfcBeam;2t9idiDlv0ZBWxqSNhKYtW;M_W-Wide Flange:W460X60:W460X60:179747;;;10.81343612198516;0.056827778425964405;M_W-Wide Flange:W460X60:176883;True
699;IfcBeam;2t9idiDlv0ZBWxqSNhKbLR;M_W-Wide Flange:W460X60:W460X60:181912;;;9.4603364598931;0.049706614362442086;M_W-Wide Flange:W460X60:176883;True
700;IfcBeam;2t9idiDlv0ZBWxqSNhKbIU;M_W-Wide Flange:W460X60:W460X60:182109;;;9.013225908772673;0.04735353743968115;M_W-Wide Flange:W460X60:176883;True
701;IfcBeam;3jMXdawx93suHqay4NiXlL;M_W-Wide Flange:W460X60:W460X60:216329;;;10.267658486710651;0.05395543118941986;M_W-Wide Flange:W460X60:176883;True
702;IfcBeam;2t9idiDlv0ZBWxqSNhKYbX;M_W-Wide Flange:W460X60:W460X60:178850;;;7.43432066224104;0.039043991870857615;M_W-Wide Flange:W460X60:176883;True
703;IfcBeam;2t9idiDlv0ZBWxqSNhKbEZ;M_W-Wide Flange:W460X60:W460X60:180320;;;10.129526674199278;0.05322846382185992;M_W-Wide Flange:W460X60:176883;True
704;IfcBeam;0NwXg6Ayr9z88KpqSjw_rN;M_W-Wide Flange:W460X60:W460X60:187022;;;3.012804983580657;0.015774206623663606;M_W-Wide Flange:W460X60:176883;True
705;IfcBeam;0NwXg6Ayr9z88KpqSjw__2;M_W-Wide Flange:W460X60:W460X60:186459;;;12.398280708345974;0.06516858186480456;M_W-Wide Flange:W460X60:176883;True
706;IfcBeam;2t9idiDlv0ZBWxqSNhKYlh;M_W-Wide Flange:W460X60:W460X60:178216;;;12.283920748900986;0.06456672225583251;M_W-Wide Flange:W460X60:176883;True
707;IfcBeam;2t9idiDlv0ZBWxqSNhKbI0;M_W-Wide Flange:W460X60:W460X60:182083;;;10.090422946125946;0.053022666659532966;M_W-Wide Flange:W460X60:176883;True
708;IfcBeam;3CGq687PzBuuySFo1Q5mwy;M_W-Wide Flange:W460X60:W460X60:241862;;;2.0176309330727147;0.010536752291039795;M_W-Wide Flange:W460X60:176883;True
709;IfcBeam;2t9idiDlv0ZBWxqSNhKYyD;M_W-Wide Flange:W460X60:W460X60:179406;;;6.740782843671221;0.03539400456492618;M_W-Wide Flange:W460X60:176883;True
710;IfcBeam;2t9idiDlv0ZBWxqSNhKYov;M_W-Wide Flange:W460X60:W460X60:180090;;;10.129526674199209;0.053228463821873975;M_W-Wide Flange:W460X60:176883;True
711;IfcBeam;2t9idiDlv0ZBWxqSNhKYyc;M_W-Wide Flange:W460X60:W460X60:179429;;;9.013225908772737;0.04735353743966734;M_W-Wide Flange:W460X60:176883;True
712;IfcBeam;0NwXg6Ayr9z88KpqSjw_ry;M_W-Wide Flange:W460X60:W460X60:187045;;;2.8346796713944213;0.0148367593610963;M_W-Wide Flange:W460X60:176883;True
713;IfcBeam;2t9idiDlv0ZBWxqSNhKb4i;M_W-Wide Flange:W460X60:W460X60:180975;;;7.5125281183826065;0.03945558618832591;M_W-Wide Flange:W460X60:176883;True
714;IfcBeam;2t9idiDlv0ZBWxqSNhKbvZ;M_W-Wide Flange:W460X60:W460X60:183712;;;10.090422946126086;0.053022666659533105;M_W-Wide Flange:W460X60:176883;True
715;IfcBeam;0NwXg6Ayr9z88KpqSjw_rf;M_W-Wide Flange:W460X60:W460X60:187056;;;3.01280498358068;0.015774206623663134;M_W-Wide Flange:W460X60:176883;True
716;IfcBeam;1H7etdQHD0EvT_T4m6zTNn;M_W-Wide Flange:W460X60:W460X60:177193;;;6.829319586467458;0.03585996039121593;M_W-Wide Flange:W460X60:176883;True
717;IfcBeam;2t9idiDlv0ZBWxqSNhKbMc;M_W-Wide Flange:W460X60:W460X60:181861;;;5.089417946350206;0.026703114538000505;M_W-Wide Flange:W460X60:176883;True
718;IfcBeam;2t9idiDlv0ZBWxqSNhKYYt;M_W-Wide Flange:W460X60:W460X60:179060;;;9.460336459898263;0.04970661436780027;M_W-Wide Flange:W460X60:176883;True
719;IfcBeam;2t9idiDlv0ZBWxqSNhKbBh;M_W-Wide Flange:W460X60:W460X60:180520;;;12.323024476974147;0.064772519419433;M_W-Wide Flange:W460X60:176883;True
720;IfcBeam;0uJFlOV3rFvOu6lBJ3bW_E;M_W-Wide Flange:W460X60:W460X60:218228;;;6.823350214672384;0.035828544467389284;M_W-Wide Flange:W460X60:176883;True
721;IfcBeam;2t9idiDlv0ZBWxqSNhKbEl;M_W-Wide Flange:W460X60:W460X60:180332;;;10.090422946131008;0.05302266666522722;M_W-Wide Flange:W460X60:176883;True
722;IfcBeam;2t9idiDlv0ZBWxqSNhKbNb;M_W-Wide Flange:W460X60:W460X60:181798;;;7.43432066224623;0.039043991875067144;M_W-Wide Flange:W460X60:176883;True
723;IfcBeam;1H7etdQHD0EvT_T4m6zTM0;M_W-Wide Flange:W460X60:W460X60:177240;;;6.829319586467458;0.03585996039121593;M_W-Wide Flange:W460X60:176883;True
724;IfcBeam;3CGq687PzBuuySFo1Q5n5G;M_W-Wide Flange:W460X60:W460X60:241450;;;10.4170869440661;0.054741851133580516;M_W-Wide Flange:W460X60:176883;True
725;IfcBeam;2t9idiDlv0ZBWxqSNhKYwQ;M_W-Wide Flange:W460X60:W460X60:179545;;;2.5222788572391885;0.013192639928051138;M_W-Wide Flange:W460X60:176883;True
726;IfcBeam;2t9idiDlv0ZBWxqSNhKYtK;M_W-Wide Flange:W460X60:W460X60:179735;;;7.2425279431590734;0.03803461506215931;M_W-Wide Flange:W460X60:176883;True
727;IfcBeam;2t9idiDlv0ZBWxqSNhKbsz;M_W-Wide Flange:W460X60:W460X60:183934;;;10.090422946126003;0.05302266665952196;M_W-Wide Flange:W460X60:176883;True
728;IfcBeam;2t9idiDlv0ZBWxqSNhKble;M_W-Wide Flange:W460X60:W460X60:182315;;;12.323024476974282;0.06477251941941513;M_W-Wide Flange:W460X60:176883;True
729;IfcBeam;2t9idiDlv0ZBWxqSNhKYhf;M_W-Wide Flange:W460X60:W460X60:178474;;;12.32302447697432;0.06477251941944134;M_W-Wide Flange:W460X60:176883;True
730;IfcBeam;1H7etdQHD0EvT_T4m6zTKb;M_W-Wide Flange:W460X60:W460X60:177405;;;2.4910191894553066;0.013028124903045557;M_W-Wide Flange:W460X60:176883;True
731;IfcBeam;2t9idiDlv0ZBWxqSNhKbpq;M_W-Wide Flange:W460X60:W460X60:184119;;;8.993305141648396;0.04724869738385269;M_W-Wide Flange:W460X60:176883;True
732;IfcBeam;2t9idiDlv0ZBWxqSNhKbd2;M_W-Wide Flange:W460X60:W460X60:182785;;;7.512528118382624;0.03945558618832695;M_W-Wide Flange:W460X60:176883;True
733;IfcBeam;2t9idiDlv0ZBWxqSNhKYK9;M_W-Wide Flange:W460X60:W460X60:177866;;;9.013225908777722;0.047353537444777716;M_W-Wide Flange:W460X60:176883;True
734;IfcBeam;2t9idiDlv0ZBWxqSNhKbem;M_W-Wide Flange:W460X60:W460X60:182771;;;7.24252794315905;0.03803461506214911;M_W-Wide Flange:W460X60:176883;True
735;IfcBeam;2t9idiDlv0ZBWxqSNhKblB;M_W-Wide Flange:W460X60:W460X60:182280;;;14.054655604829145;0.07388583878956637;M_W-Wide Flange:W460X60:176883;True
736;IfcBeam;3jMXdawx93suHqay4NiXlU;M_W-Wide Flange:W460X60:W460X60:216322;;;10.457097958573792;0.05495242320500736;M_W-Wide Flange:W460X60:176883;True
737;IfcBeam;2t9idiDlv0ZBWxqSNhKYyO;M_W-Wide Flange:W460X60:W460X60:179419;;;10.090422946125848;0.053022666659532924;M_W-Wide Flange:W460X60:176883;True
738;IfcBeam;2t9idiDlv0ZBWxqSNhKb5x;M_W-Wide Flange:W460X60:W460X60:180920;;;7.512528118382655;0.03945558618831613;M_W-Wide Flange:W460X60:176883;True
739;IfcBeam;2t9idiDlv0ZBWxqSNhKYM6;M_W-Wide Flange:W460X60:W460X60:177733;;;14.093759332897527;0.07409163594620741;M_W-Wide Flange:W460X60:176883;True
740;IfcBeam;2t9idiDlv0ZBWxqSNhKbEr;M_W-Wide Flange:W460X60:W460X60:180342;;;8.954201413580124;0.04704290022721188;M_W-Wide Flange:W460X60:176883;True
741;IfcBeam;2t9idiDlv0ZBWxqSNhKbYn;M_W-Wide Flange:W460X60:W460X60:183154;;;7.694618686066825;0.04041390200449524;M_W-Wide Flange:W460X60:176883;True
742;IfcBeam;2t9idiDlv0ZBWxqSNhKYqY;M_W-Wide Flange:W460X60:W460X60:179937;;;14.054655604829168;0.07388583878957654;M_W-Wide Flange:W460X60:176883;True
743;IfcBeam;0uJFlOV3rFvOu6lBJ3bWtL;M_W-Wide Flange:W460X60:W460X60:218671;;;10.258763885794862;0.053908620215926774;M_W-Wide Flange:W460X60:176883;True
744;IfcBeam;2t9idiDlv0ZBWxqSNhKYy1;M_W-Wide Flange:W460X60:W460X60:179394;;;2.948459027235556;0.015435563338873517;M_W-Wide Flange:W460X60:176883;True
745;IfcBeam;1H7etdQHD0EvT_T4m6zTL3;M_W-Wide Flange:W460X60:W460X60:177307;;;2.948459027235563;0.015435563338872707;M_W-Wide Flange:W460X60:176883;True
746;IfcBeam;0NwXg6Ayr9z88KpqSjw_r3;M_W-Wide Flange:W460X60:W460X60:187034;;;2.834679671394402;0.014836759361095046;M_W-Wide Flange:W460X60:176883;True
747;IfcBeam;2t9idiDlv0ZBWxqSNhKbuN;M_W-Wide Flange:W460X60:W460X60:183764;;;10.813436121985148;0.05682777842596467;M_W-Wide Flange:W460X60:176883;True
748;IfcBeam;2t9idiDlv0ZBWxqSNhKYl$;M_W-Wide Flange:W460X60:W460X60:178236;;;9.013225908777724;0.04735353744477773;M_W-Wide Flange:W460X60:176883;True
749;IfcBeam;2t9idiDlv0ZBWxqSNhKbeL;M_W-Wide Flange:W460X60:W460X60:182742;;;10.090422946126086;0.05302266665953511;M_W-Wide Flange:W460X60:176883;True
750;IfcBeam;2t9idiDlv0ZBWxqSNhKbvv;M_W-Wide Flange:W460X60:W460X60:183738;;;9.052329636841073;0.04755933459629221;M_W-Wide Flange:W460X60:176883;True
751;IfcBeam;0NwXg6Ayr9z88KpqSjw_fB;M_W-Wide Flange:W460X60:W460X60:187794;;;9.182313675287253;0.048243421429901026;M_W-Wide Flange:W460X60:176883;True
752;IfcBeam;2t9idiDlv0ZBWxqSNhKbsi;M_W-Wide Flange:W460X60:W460X60:183919;;;8.954201413575152;0.04704290022214409;M_W-Wide Flange:W460X60:176883;True
753;IfcBeam;2t9idiDlv0ZBWxqSNhKYNK;M_W-Wide Flange:W460X60:W460X60:177687;;;8.60448127953548;0.04520237471318875;M_W-Wide Flange:W460X60:176883;True
754;IfcBeam;1BMGvuxvH7tvXkyQxLwRRO;M_W-Wide Flange:W460X60:W460X60:202098;;;11.439505611261765;0.06012268986666973;M_W-Wide Flange:W460X60:176883;True
755;IfcBeam;2t9idiDlv0ZBWxqSNhKYbG;M_W-Wide Flange:W460X60:W460X60:178835;;;14.054655604824239;0.07388583878163214;M_W-Wide Flange:W460X60:176883;True
756;IfcBeam;2t9idiDlv0ZBWxqSNhKYG6;M_W-Wide Flange:W460X60:W460X60:178117;;;7.281631671227256;0.03824041221876602;M_W-Wide Flange:W460X60:176883;True
757;IfcBeam;2t9idiDlv0ZBWxqSNhKbIx;M_W-Wide Flange:W460X60:W460X60:182136;;;6.805844364237801;0.03573641375705816;M_W-Wide Flange:W460X60:176883;True
758;IfcBeam;2t9idiDlv0ZBWxqSNhKYkl;M_W-Wide Flange:W460X60:W460X60:178284;;;8.954201413575056;0.04704290022215515;M_W-Wide Flange:W460X60:176883;True
759;IfcBeam;2t9idiDlv0ZBWxqSNhKb4H;M_W-Wide Flange:W460X60:W460X60:180946;;;6.807744952988336;0.03574641627930626;M_W-Wide Flange:W460X60:176883;True
760;IfcBeam;2t9idiDlv0ZBWxqSNhKbqu;M_W-Wide Flange:W460X60:W460X60:184059;;;10.813436121989984;0.056827778432086334;M_W-Wide Flange:W460X60:176883;True
761;IfcBeam;2t9idiDlv0ZBWxqSNhKb2_;M_W-Wide Flange:W460X60:W460X60:181117;;;6.808526437303777;0.035750529116062066;M_W-Wide Flange:W460X60:176883;True
762;IfcBeam;3jMXdawx93suHqay4NiXlK;M_W-Wide Flange:W460X60:W460X60:216328;;;11.483255371096519;0.060352938403606164;M_W-Wide Flange:W460X60:176883;True
763;IfcBeam;2t9idiDlv0ZBWxqSNhKb4$;M_W-Wide Flange:W460X60:W460X60:180988;;;14.054655604829124;0.0738858387895826;M_W-Wide Flange:W460X60:176883;True
764;IfcBeam;2t9idiDlv0ZBWxqSNhKbtC;M_W-Wide Flange:W460X60:W460X60:183823;;;10.129526674199228;0.053228463821874336;M_W-Wide Flange:W460X60:176883;True
765;IfcBeam;2t9idiDlv0ZBWxqSNhKbKm;M_W-Wide Flange:W460X60:W460X60:182003;;;14.093759332897388;0.07409163594621913;M_W-Wide Flange:W460X60:176883;True
766;IfcBeam;2t9idiDlv0ZBWxqSNhKYHV;M_W-Wide Flange:W460X60:W460X60:178076;;;8.993305141643377;0.04724869737875974;M_W-Wide Flange:W460X60:176883;True
767;IfcBeam;2t9idiDlv0ZBWxqSNhKbKh;M_W-Wide Flange:W460X60:W460X60:181992;;;9.46033645989814;0.04970661436779278;M_W-Wide Flange:W460X60:176883;True
768;IfcBeam;2t9idiDlv0ZBWxqSNhKbu4;M_W-Wide Flange:W460X60:W460X60:183751;;;7.281631671227327;0.03824041221875926;M_W-Wide Flange:W460X60:176883;True
769;IfcBeam;2t9idiDlv0ZBWxqSNhKbaw;M_W-Wide Flange:W460X60:W460X60:183033;;;7.512528118377675;0.0394555861840772;M_W-Wide Flange:W460X60:176883;True
770;IfcBeam;3jMXdawx93suHqay4NiXeY;M_W-Wide Flange:W460X60:W460X60:216318;;;12.798316273326865;0.0672739100819521;M_W-Wide Flange:W460X60:176883;True
771;IfcBeam;2t9idiDlv0ZBWxqSNhKbJC;M_W-Wide Flange:W460X60:W460X60:182031;;;10.090422946125958;0.05302266665953338;M_W-Wide Flange:W460X60:176883;True
772;IfcBeam;2t9idiDlv0ZBWxqSNhKYKb;M_W-Wide Flange:W460X60:W460X60:177894;;;14.492174675475402;0.07618843715652658;M_W-Wide Flange:W460X60:176883;True
773;IfcBeam;2t9idiDlv0ZBWxqSNhKbvj;M_W-Wide Flange:W460X60:W460X60:183726;;;10.090422946126104;0.05302266665951518;M_W-Wide Flange:W460X60:176883;True
774;IfcBeam;2t9idiDlv0ZBWxqSNhKYLX;M_W-Wide Flange:W460X60:W460X60:177826;;;10.090422946125997;0.053022666659529843;M_W-Wide Flange:W460X60:176883;True
775;IfcBeam;2t9idiDlv0ZBWxqSNhKbXv;M_W-Wide Flange:W460X60:W460X60:183226;;;15.676197194479277;0.08241977314820428;M_W-Wide Flange:W460X60:176883;True
776;IfcBeam;3jMXdawx93suHqay4NiXeZ;M_W-Wide Flange:W460X60:W460X60:216319;;;10.494726074262129;0.055150454431192424;M_W-Wide Flange:W460X60:176883;True
777;IfcBeam;2t9idiDlv0ZBWxqSNhKbYy;M_W-Wide Flange:W460X60:W460X60:183167;;;1.4267260872484895;0.007426907192495433;M_W-Wide Flange:W460X60:176883;True
778;IfcBeam;2t9idiDlv0ZBWxqSNhKb6R;M_W-Wide Flange:W460X60:W460X60:180824;;;14.054655604829131;0.07388583878956552;M_W-Wide Flange:W460X60:176883;True
779;IfcBeam;2t9idiDlv0ZBWxqSNhKYbi;M_W-Wide Flange:W460X60:W460X60:178863;;;8.565377551462152;0.0449965775517023;M_W-Wide Flange:W460X60:176883;True
780;IfcBeam;3jMXdawx93suHqay4NiXlR;M_W-Wide Flange:W460X60:W460X60:216327;;;7.3583781789551965;0.03864431777586394;M_W-Wide Flange:W460X60:176883;True
781;IfcBeam;2t9idiDlv0ZBWxqSNhKYGH;M_W-Wide Flange:W460X60:W460X60:178130;;;10.81343612198502;0.05682777842595922;M_W-Wide Flange:W460X60:176883;True
782;IfcBeam;2t9idiDlv0ZBWxqSNhKbLF;M_W-Wide Flange:W460X60:W460X60:181900;;;14.093759332892596;0.07409163593824014;M_W-Wide Flange:W460X60:176883;True
783;IfcBeam;0NwXg6Ayr9z88KpqSjw_fH;M_W-Wide Flange:W460X60:W460X60:187784;;;9.798841939850536;0.0514881188049507;M_W-Wide Flange:W460X60:176883;True
784;IfcBeam;3jMXdawx93suHqay4NiXc7;M_W-Wide Flange:W460X60:W460X60:216923;;;3.1247947066378767;0.01636359202622777;M_W-Wide Flange:W460X60:176883;True
785;IfcBeam;0uJFlOV3rFvOu6lBJ3bWxq;M_W-Wide Flange:W460X60:W460X60:218382;;;10.257709200198859;0.05390306955532846;M_W-Wide Flange:W460X60:176883;True
786;IfcBeam;2t9idiDlv0ZBWxqSNhKYLu;M_W-Wide Flange:W460X60:W460X60:177851;;;14.492174675475185;0.07618843715652279;M_W-Wide Flange:W460X60:176883;True
787;IfcBeam;3jMXdawx93suHqay4NiXlO;M_W-Wide Flange:W460X60:W460X60:216324;;;1.844108367589659;0.009623528608573182;M_W-Wide Flange:W460X60:176883;True
788;IfcBeam;0NwXg6Ayr9z88KpqSjw__y;M_W-Wide Flange:W460X60:W460X60:186469;;;7.772826142198378;0.04082549631337005;M_W-Wide Flange:W460X60:176883;True
789;IfcBeam;2t9idiDlv0ZBWxqSNhKbFq;M_W-Wide Flange:W460X60:W460X60:180279;;;10.891643578126594;0.05723937274534144;M_W-Wide Flange:W460X60:176883;True
790;IfcBeam;2t9idiDlv0ZBWxqSNhKYH_;M_W-Wide Flange:W460X60:W460X60:178109;;;9.05232963684105;0.04755933459628899;M_W-Wide Flange:W460X60:176883;True
791;IfcBeam;2t9idiDlv0ZBWxqSNhKbD3;M_W-Wide Flange:W460X60:W460X60:180352;;;6.829319586472424;0.035859960395068044;M_W-Wide Flange:W460X60:176883;True
792;IfcBeam;2t9idiDlv0ZBWxqSNhKbKz;M_W-Wide Flange:W460X60:W460X60:182014;;;12.323024476974476;0.06477251941941764;M_W-Wide Flange:W460X60:176883;True
793;IfcBeam;0NwXg6Ayr9z88KpqSjw_f4;M_W-Wide Flange:W460X60:W460X60:187805;;;9.182313675287178;0.048243421429912864;M_W-Wide Flange:W460X60:176883;True
794;IfcBeam;2t9idiDlv0ZBWxqSNhKbt0;M_W-Wide Flange:W460X60:W460X60:183811;;;9.091433364914282;0.04776513175804388;M_W-Wide Flange:W460X60:176883;True
795;IfcBeam;2t9idiDlv0ZBWxqSNhKbGu;M_W-Wide Flange:W460X60:W460X60:182267;;;7.512528118382665;0.03945558618831809;M_W-Wide Flange:W460X60:176883;True
796;IfcBeam;2t9idiDlv0ZBWxqSNhKbLp;M_W-Wide Flange:W460X60:W460X60:181936;;;7.512528118377706;0.039455586184079884;M_W-Wide Flange:W460X60:176883;True
797;IfcBeam;2t9idiDlv0ZBWxqSNhKYn4;M_W-Wide Flange:W460X60:W460X60:180103;;;10.09042294613118;0.05302266666522956;M_W-Wide Flange:W460X60:176883;True
798;IfcBeam;2t9idiDlv0ZBWxqSNhKbW9;M_W-Wide Flange:W460X60:W460X60:183242;;;10.341277050720109;0.05434287483986673;M_W-Wide Flange:W460X60:176883;True
799;IfcBeam;2t9idiDlv0ZBWxqSNhKbdF;M_W-Wide Flange:W460X60:W460X60:182796;;;12.959013412727513;0.06811963543863903;M_W-Wide Flange:W460X60:176883;True
800;IfcBeam;2t9idiDlv0ZBWxqSNhKbIe;M_W-Wide Flange:W460X60:W460X60:182123;;;12.283920748901016;0.06456672225583462;M_W-Wide Flange:W460X60:176883;True
801;IfcBeam;2t9idiDlv0ZBWxqSNhKbal;M_W-Wide Flange:W460X60:W460X60:183020;;;12.95901341272254;0.06811963543130299;M_W-Wide Flange:W460X60:176883;True
802;IfcBeam;0NwXg6Ayr9z88KpqSjw_lf;M_W-Wide Flange:W460X60:W460X60:187440;;;10.824392543906225;0.056885440459467085;M_W-Wide Flange:W460X60:176883;True
803;IfcBeam;2t9idiDlv0ZBWxqSNhKbKU;M_W-Wide Flange:W460X60:W460X60:181981;;;14.093759332897758;0.07409163594620022;M_W-Wide Flange:W460X60:176883;True
804;IfcBeam;3jMXdawx93suHqay4NiXea;M_W-Wide Flange:W460X60:W460X60:216312;;;10.967622951722198;0.05763924098862143;M_W-Wide Flange:W460X60:176883;True
805;IfcBeam;2t9idiDlv0ZBWxqSNhKbM8;M_W-Wide Flange:W460X60:W460X60:181835;;;14.054655604829279;0.07388583878959444;M_W-Wide Flange:W460X60:176883;True
806;IfcBeam;2t9idiDlv0ZBWxqSNhKbdm;M_W-Wide Flange:W460X60:W460X60:182835;;;12.32302447697425;0.06477251941943049;M_W-Wide Flange:W460X60:176883;True
807;IfcBeam;2t9idiDlv0ZBWxqSNhKbEM;M_W-Wide Flange:W460X60:W460X60:180309;;;9.091433364914263;0.04776513175803966;M_W-Wide Flange:W460X60:176883;True
808;IfcBeam;2t9idiDlv0ZBWxqSNhKbpB;M_W-Wide Flange:W460X60:W460X60:184072;;;7.281631671232305;0.038240412222882963;M_W-Wide Flange:W460X60:176883;True
809;IfcBeam;0FW0PzjNH7NBjuEjXLDhvA;M_W-Wide Flange:W460X60:W460X60:207088;;;10.967622951717178;0.05763924098241993;M_W-Wide Flange:W460X60:176883;True
810;IfcBeam;2t9idiDlv0ZBWxqSNhKbE5;M_W-Wide Flange:W460X60:W460X60:180294;;;7.320735399300582;0.03844620937951558;M_W-Wide Flange:W460X60:176883;True
811;IfcBeam;2t9idiDlv0ZBWxqSNhKbMz;M_W-Wide Flange:W460X60:W460X60:181886;;;12.323024476969366;0.06477251941245742;M_W-Wide Flange:W460X60:176883;True
812;IfcBeam;2t9idiDlv0ZBWxqSNhKbNP;M_W-Wide Flange:W460X60:W460X60:181786;;;8.993305141648333;0.047248697383858895;M_W-Wide Flange:W460X60:176883;True
813;IfcBeam;2t9idiDlv0ZBWxqSNhKbNm;M_W-Wide Flange:W460X60:W460X60:181811;;;14.05465560482931;0.07388583878959087;M_W-Wide Flange:W460X60:176883;True
814;IfcBeam;3jMXdawx93suHqay4NiXee;M_W-Wide Flange:W460X60:W460X60:216308;;;11.439505611256706;0.06012268986020198;M_W-Wide Flange:W460X60:176883;True
815;IfcBeam;2t9idiDlv0ZBWxqSNhKblZ;M_W-Wide Flange:W460X60:W460X60:182304;;;14.054655604829076;0.07388583878957655;M_W-Wide Flange:W460X60:176883;True
816;IfcBeam;3jMXdawx93suHqay4NiXlT;M_W-Wide Flange:W460X60:W460X60:216321;;;1.2163852157345427;0.0063199141915799215;M_W-Wide Flange:W460X60:176883;True
817;IfcBeam;3jMXdawx93suHqay4NiXlP;M_W-Wide Flange:W460X60:W460X60:216325;;;7.509613783032714;0.039440248470964806;M_W-Wide Flange:W460X60:176883;True
818;IfcBeam;2t9idiDlv0ZBWxqSNhKbvH;M_W-Wide Flange:W460X60:W460X60:183698;;;8.9933051416433;0.04724869737876352;M_W-Wide Flange:W460X60:176883;True
819;IfcBeam;2t9idiDlv0ZBWxqSNhKbaJ;M_W-Wide Flange:W460X60:W460X60:182992;;;12.959013412722477;0.06811963543130214;M_W-Wide Flange:W460X60:176883;True
820;IfcBeam;2t9idiDlv0ZBWxqSNhKbNy;M_W-Wide Flange:W460X60:W460X60:181823;;;9.460336459898285;0.04970661436779926;M_W-Wide Flange:W460X60:176883;True
821;IfcBeam;2t9idiDlv0ZBWxqSNhKbXe;M_W-Wide Flange:W460X60:W460X60:183211;;;7.699726076623244;0.040440781448124796;M_W-Wide Flange:W460X60:176883;True
822;IfcBeam;2t9idiDlv0ZBWxqSNhKYNj;M_W-Wide Flange:W460X60:W460X60:177710;;;7.512528118382659;0.039455586188323385;M_W-Wide Flange:W460X60:176883;True
823;IfcBeam;0FW0PzjNH7NBjuEjXLDhKB;M_W-Wide Flange:W460X60:W460X60:205745;;;10.96689980949839;0.057635435191519396;M_W-Wide Flange:W460X60:176883;True
824;IfcBeam;1BMGvuxvH7tvXkyQxLwRBi;M_W-Wide Flange:W460X60:W460X60:201030;;;3.1247947066428665;0.01636359202799264;M_W-Wide Flange:W460X60:176883;True
825;IfcBeam;3jMXdawx93suHqay4NiXex;M_W-Wide Flange:W460X60:W460X60:216295;;;1.4267260872484788;0.007426907192495365;M_W-Wide Flange:W460X60:176883;True
826;IfcBeam;0FW0PzjNH7NBjuEjXLDhrA;M_W-Wide Flange:W460X60:W460X60:207856;;;10.968375421878482;0.05764320112196594;M_W-Wide Flange:W460X60:176883;True
827;IfcBeam;1H7etdQHD0EvT_T4m6zTLd;M_W-Wide Flange:W460X60:W460X60:177343;;;3.8485825789965578;0.02017278090614541;M_W-Wide Flange:W460X60:176883;True
828;IfcBeam;2t9idiDlv0ZBWxqSNhKYHk;M_W-Wide Flange:W460X60:W460X60:178093;;;10.090422946125996;0.053022666659536165;M_W-Wide Flange:W460X60:176883;True
829;IfcBeam;2t9idiDlv0ZBWxqSNhKbLW;M_W-Wide Flange:W460X60:W460X60:181923;;;14.093759332892331;0.07409163593824103;M_W-Wide Flange:W460X60:176883;True
830;IfcBeam;0uJFlOV3rFvOu6lBJ3bWq9;M_W-Wide Flange:W460X60:W460X60:218867;;;6.847156111254316;0.03595383139575163;M_W-Wide Flange:W460X60:176883;True
831;IfcBeam;2t9idiDlv0ZBWxqSNhKbcz;M_W-Wide Flange:W460X60:W460X60:182910;;;7.2425279431640055;0.03803461506625269;M_W-Wide Flange:W460X60:176883;True
832;IfcBeam;0NwXg6Ayr9z88KpqSjw_lY;M_W-Wide Flange:W460X60:W460X60:187451;;;7.527616254962551;0.03953499282280639;M_W-Wide Flange:W460X60:176883;True
833;IfcBeam;2t9idiDlv0ZBWxqSNhKYj7;M_W-Wide Flange:W460X60:W460X60:178308;;;10.090422946125942;0.05302266665953286;M_W-Wide Flange:W460X60:176883;True
834;IfcBeam;3jMXdawx93suHqay4NiXer;M_W-Wide Flange:W460X60:W460X60:216297;;;10.129526674194343;0.05322846381613958;M_W-Wide Flange:W460X60:176883;True
835;IfcBeam;0FW0PzjNH7NBjuEjXLDhAi;M_W-Wide Flange:W460X60:W460X60:205846;;;9.392458288617217;0.04934938155280743;M_W-Wide Flange:W460X60:176883;True
836;IfcBeam;2t9idiDlv0ZBWxqSNhKYmB;M_W-Wide Flange:W460X60:W460X60:180168;;;6.829319586472529;0.03585996039506943;M_W-Wide Flange:W460X60:176883;True
837;IfcBeam;2t9idiDlv0ZBWxqSNhKba0;M_W-Wide Flange:W460X60:W460X60:182979;;;12.323024476969278;0.06477251941245502;M_W-Wide Flange:W460X60:176883;True
838;IfcBeam;1JBEqYR0LDDwKzYtJS0qRV;M_W-Wide Flange:W460X60:W460X60:211118;;;10.457097958568914;0.054952423199082584;M_W-Wide Flange:W460X60:176883;True
839;IfcBeam;3jMXdawx93suHqay4NiXlQ;M_W-Wide Flange:W460X60:W460X60:216326;;;10.323717262494432;0.05425046025705637;M_W-Wide Flange:W460X60:176883;True
840;IfcBeam;2t9idiDlv0ZBWxqSNhKbMo;M_W-Wide Flange:W460X60:W460X60:181873;;;8.954201413575065;0.04704290022215582;M_W-Wide Flange:W460X60:176883;True
841;IfcBeam;3jMXdawx93suHqay4NiXeW;M_W-Wide Flange:W460X60:W460X60:216316;;;1.9338279547965174;0.010095709570684733;M_W-Wide Flange:W460X60:176883;True
842;IfcBeam;3jMXdawx93suHqay4NiX6l;M_W-Wide Flange:W460X60:W460X60:214899;;;10.26449671543968;0.05393879124750253;M_W-Wide Flange:W460X60:176883;True
843;IfcBeam;3jMXdawx93suHqay4NiXeq;M_W-Wide Flange:W460X60:W460X60:216296;;;9.091433364909369;0.0477651317528903;M_W-Wide Flange:W460X60:176883;True
844;IfcBeam;3jMXdawx93suHqay4NiXeg;M_W-Wide Flange:W460X60:W460X60:216310;;;10.966899809503378;0.05763543519772969;M_W-Wide Flange:W460X60:176883;True
845;IfcBeam;2t9idiDlv0ZBWxqSNhKbdb;M_W-Wide Flange:W460X60:W460X60:182822;;;12.959013412727446;0.06811963543863858;M_W-Wide Flange:W460X60:176883;True
846;IfcBeam;2t9idiDlv0ZBWxqSNhKbMR;M_W-Wide Flange:W460X60:W460X60:181848;;;6.793321727341519;0.035670508968835724;M_W-Wide Flange:W460X60:176883;True
847;IfcBeam;2t9idiDlv0ZBWxqSNhKbKJ;M_W-Wide Flange:W460X60:W460X60:181968;;;7.512528118382799;0.03945558618831824;M_W-Wide Flange:W460X60:176883;True
848;IfcBeam;0FW0PzjNH7NBjuEjXLDhkm;M_W-Wide Flange:W460X60:W460X60:208138;;;10.49620168663717;0.05515822035569931;M_W-Wide Flange:W460X60:176883;True
849;IfcBeam;3jMXdawx93suHqay4NiXef;M_W-Wide Flange:W460X60:W460X60:216309;;;10.968386974330251;0.05764326192081868;M_W-Wide Flange:W460X60:176883;True
850;IfcBeam;2t9idiDlv0ZBWxqSNhKbFb;M_W-Wide Flange:W460X60:W460X60:180262;;;10.419484506856715;0.054754469153121675;M_W-Wide Flange:W460X60:176883;True
851;IfcBeam;0FW0PzjNH7NBjuEjXLDg0v;M_W-Wide Flange:W460X60:W460X60:210563;;;1.216385215734542;0.006319914191579849;M_W-Wide Flange:W460X60:176883;True
852;IfcBeam;3jMXdawx93suHqay4NiXeb;M_W-Wide Flange:W460X60:W460X60:216313;;;10.968375421883328;0.05764320112816976;M_W-Wide Flange:W460X60:176883;True
853;IfcBeam;2t9idiDlv0ZBWxqSNhKbNE;M_W-Wide Flange:W460X60:W460X60:181773;;;2.9484590272405233;0.015435563340537193;M_W-Wide Flange:W460X60:176883;True
854;IfcBeam;3jMXdawx93suHqay4NiXeh;M_W-Wide Flange:W460X60:W460X60:216311;;;9.392458288622178;0.049349381558129624;M_W-Wide Flange:W460X60:176883;True
855;IfcBeam;0GpQFpWOH1YvaHrmh9F2W7;M_W-Wide Flange:W460X60:W460X60:211625;;;1.844108367589659;0.009623528608572874;M_W-Wide Flange:W460X60:176883;True
856;IfcBeam;0FW0PzjNH7NBjuEjXLDhdc;M_W-Wide Flange:W460X60:W460X60:208732;;;2.0176309330727222;0.01053675229103921;M_W-Wide Flange:W460X60:176883;True
857;IfcBeam;2t9idiDlv0ZBWxqSNhKb_W;M_W-Wide Flange:W460X60:W460X60:183395;;;3.848582578996556;0.02017278090614565;M_W-Wide Flange:W460X60:176883;True
858;IfcBeam;2t9idiDlv0ZBWxqSNhKbbs;M_W-Wide Flange:W460X60:W460X60:182965;;;10.813436121984978;0.05682777842596675;M_W-Wide Flange:W460X60:176883;True
859;IfcBeam;2t9idiDlv0ZBWxqSNhKbzy;M_W-Wide Flange:W460X60:W460X60:183487;;;6.740782843671088;0.035394004564925995;M_W-Wide Flange:W460X60:176883;True
860;IfcBeam;1BMGvuxvH7tvXkyQxLwRjf;M_W-Wide Flange:W460X60:W460X60:202947;;;10.968387020509729;0.05764326217002165;M_W-Wide Flange:W460X60:176883;True
861;IfcBeam;0aSzx2AhbFUfOfa4k6JuYQ;M_W-Wide Flange:W460X60:W460X60:212755;;;7.699815498734022;0.04044125206351196;M_W-Wide Flange:W460X60:176883;True
862;IfcBeam;3jMXdawx93suHqay4NiXec;M_W-Wide Flange:W460X60:W460X60:216314;;;10.496201686642198;0.055158220361632086;M_W-Wide Flange:W460X60:176883;True
863;IfcBeam;3jMXdawx93suHqay4NiXEh;M_W-Wide Flange:W460X60:W460X60:214391;;;11.483255371091563;0.0603529383971213;M_W-Wide Flange:W460X60:176883;True
864;IfcBeam;0FW0PzjNH7NBjuEjXLDgTc;M_W-Wide Flange:W460X60:W460X60:209372;;;10.494726074257205;0.05515045442525501;M_W-Wide Flange:W460X60:176883;True
865;IfcBeam;3uRYP$NkDA48HNMUX8KN$x;M_W-Wide Flange:W460X60:W460X60:213506;;;10.207607521893951;0.053639391813572954;M_W-Wide Flange:W460X60:176883;True
866;IfcBeam;0FW0PzjNH7NBjuEjXLDhWl;M_W-Wide Flange:W460X60:W460X60:208533;;;1.933827954796509;0.010095709570684633;M_W-Wide Flange:W460X60:176883;True
867;IfcBeam;3jMXdawx93suHqay4NiX8L;M_W-Wide Flange:W460X60:W460X60:214217;;;7.358378178960141;0.03864431778003223;M_W-Wide Flange:W460X60:176883;True
868;IfcBeam;3uRYP$NkDA48HNMUX8KNtn;M_W-Wide Flange:W460X60:W460X60:213000;;;7.509613783027829;0.039440248466721575;M_W-Wide Flange:W460X60:176883;True
869;IfcBeam;0FW0PzjNH7NBjuEjXLDhd3;M_W-Wide Flange:W460X60:W460X60:208761;;;12.842183573274944;0.06750477720796048;M_W-Wide Flange:W460X60:176883;True
1320;IfcBeam;2lH_RQeBDBG8rH6PWO_62x;M_K-Series Bar Joist-Rod Web:14K1:14K1:220116;;;4.839314352711708;-0.02999849899934097;M_K-Series Bar Joist-Rod Web:14K1:175829;True
1321;IfcBeam;2lH_RQeBDBG8rH6PWO_62w;M_K-Series Bar Joist-Rod Web:14K1:14K1:220117;;;4.839314352711703;-0.029998498998763203;M_K-Series Bar Joist-Rod Web:14K1:175829;True
1322;IfcBeam;2LX158HAHA$f07Y9Ra1FTe;M_K-Series Bar Joist-Rod Web:14K1:14K1:225612;;;2.757263420632541;-0.012480060724239772;M_K-Series Bar Joist-Rod Web:14K1:175829;True
1323;IfcBeam;2lH_RQeBDBG8rH6PWO_62h;M_K-Series Bar Joist-Rod Web:14K1:14K1:220100;;;4.842561024393381;-0.030012722360990958;M_K-Series Bar Joist-Rod Web:14K1:175829;True
1324;IfcBeam;2lH_RQeBDBG8rH6PWO_63U;M_K-Series Bar Joist-Rod Web:14K1:14K1:220081;;;4.842561024393471;-0.030012722361299662;M_K-Series Bar Joist-Rod Web:14K1:175829;True
1325;IfcBeam;0NwXg6Ayr9z88KpqSjwzGE;M_K-Series Bar Joist-Rod Web:14K1:14K1:189399;;;4.6063345603766965;-0.01144299764673742;M_K-Series Bar Joist-Rod Web:14K1:175829;True
1326;IfcBeam;2LX158HAHA$f07Y9Ra1FQV;M_K-Series Bar Joist-Rod Web:14K1:14K1:225467;;;4.606334560376503;-0.027364626688273164;M_K-Series Bar Joist-Rod Web:14K1:175829;True
1327;IfcBeam;0NwXg6Ayr9z88KpqSjwzGC;M_K-Series Bar Joist-Rod Web:14K1:14K1:189397;;;4.606334560376696;-0.011442997646095144;M_K-Series Bar Joist-Rod Web:14K1:175829;True
1328;IfcBeam;2LX158HAHA$f07Y9Ra1FTl;M_K-Series Bar Joist-Rod Web:14K1:14K1:225611;;;2.757263420632542;-0.01248006072422547;M_K-Series Bar Joist-Rod Web:14K1:175829;True
1329;IfcBeam;0NwXg6Ayr9z88KpqSjw_FW;M_K-Series Bar Joist-Rod Web:14K1:14K1:185401;;;3.505001956848038;-0.018116050958990704;M_K-Series Bar Joist-Rod Web:14K1:175829;True
1330;IfcBeam;0NwXg6Ayr9z88KpqSjw_Eo;M_K-Series Bar Joist-Rod Web:14K1:14K1:185451;;;4.606334560376696;-0.027364626688154654;M_K-Series Bar Joist-Rod Web:14K1:175829;True
1331;IfcBeam;2lH_RQeBDBG8rH6PWO_63V;M_K-Series Bar Joist-Rod Web:14K1:14K1:220080;;;4.842561024393479;-0.030012722361821165;M_K-Series Bar Joist-Rod Web:14K1:175829;True
1332;IfcBeam;0NwXg6Ayr9z88KpqSjw_Hh;M_K-Series Bar Joist-Rod Web:14K1:14K1:185266;;;3.1751702770264876;-0.015297725145725782;M_K-Series Bar Joist-Rod Web:14K1:175829;True
1333;IfcBeam;0NwXg6Ayr9z88KpqSjw_Hg;M_K-Series Bar Joist-Rod Web:14K1:14K1:185267;;;3.1751702770264876;-0.01529772514508323;M_K-Series Bar Joist-Rod Web:14K1:175829;True
1334;IfcBeam;2lH_RQeBDBG8rH6PWO_60K;M_K-Series Bar Joist-Rod Web:14K1:14K1:220027;;;4.842561024393443;-0.03001272236151219;M_K-Series Bar Joist-Rod Web:14K1:175829;True
1335;IfcBeam;0NwXg6Ayr9z88KpqSjwzGA;M_K-Series Bar Joist-Rod Web:14K1:14K1:189395;;;4.606334560376695;-0.0114429976466343;M_K-Series Bar Joist-Rod Web:14K1:175829;True
1336;IfcBeam;2lH_RQeBDBG8rH6PWO_62v;M_K-Series Bar Joist-Rod Web:14K1:14K1:220118;;;4.839314352711923;-0.029998498998241786;M_K-Series Bar Joist-Rod Web:14K1:175829;True
1337;IfcBeam;0NwXg6Ayr9z88KpqSjwzGF;M_K-Series Bar Joist-Rod Web:14K1:14K1:189398;;;4.606334560377252;-0.011442997646093954;M_K-Series Bar Joist-Rod Web:14K1:175829;True
1338;IfcBeam;0NwXg6Ayr9z88KpqSjwzDk;M_K-Series Bar Joist-Rod Web:14K1:14K1:189623;;;2.7572634206325084;-0.01248006072430894;M_K-Series Bar Joist-Rod Web:14K1:175829;True
1339;IfcBeam;0NwXg6Ayr9z88KpqSjw_CA;M_K-Series Bar Joist-Rod Web:14K1:14K1:185555;;;4.606334560377258;-0.027364626688064452;M_K-Series Bar Joist-Rod Web:14K1:175829;True
1340;IfcBeam;0NwXg6Ayr9z88KpqSjwzDj;M_K-Series Bar Joist-Rod Web:14K1:14K1:189620;;;2.757263420632511;-0.01248006072431317;M_K-Series Bar Joist-Rod Web:14K1:175829;True
1341;IfcBeam;1JAILMC4DFlvhFr7yZdoXr;M_K-Series Bar Joist-Rod Web:10K1:10K1:228924;;;1.201409700801983;-0.004504764867766571;M_K-Series Bar Joist-Rod Web:10K1:228953;True
1342;IfcBeam;2Uhw1he2z3UO$DBmBugLvA;M_K-Series Bar Joist-Rod Web:14K1:14K1:190259;;;4.606334560376569;-0.011442997646263674;M_K-Series Bar Joist-Rod Web:14K1:175829;True
1343;IfcBeam;2lH_RQeBDBG8rH6PWO_63o;M_K-Series Bar Joist-Rod Web:14K1:14K1:220061;;;4.842561024393413;-0.03001272236150517;M_K-Series Bar Joist-Rod Web:14K1:175829;True
1344;IfcBeam;2lH_RQeBDBG8rH6PWO_63p;M_K-Series Bar Joist-Rod Web:14K1:14K1:220060;;;4.842561024393413;-0.030012722361563923;M_K-Series Bar Joist-Rod Web:14K1:175829;True
1345;IfcBeam;2LX158HAHA$f07Y9Ra1FTh;M_K-Series Bar Joist-Rod Web:14K1:14K1:225615;;;2.7572634206325315;-0.012480060724236774;M_K-Series Bar Joist-Rod Web:14K1:175829;True
1346;IfcBeam;0NwXg6Ayr9z88KpqSjw_FX;M_K-Series Bar Joist-Rod Web:14K1:14K1:185400;;;3.505001956848037;-0.018116050958791968;M_K-Series Bar Joist-Rod Web:14K1:175829;True
1347;IfcBeam;0NwXg6Ayr9z88KpqSjw_GU;M_K-Series Bar Joist-Rod Web:14K1:14K1:185287;;;5.289967101046125;-0.03361767433024584;M_K-Series Bar Joist-Rod Web:14K1:175829;True
1348;IfcBeam;0NwXg6Ayr9z88KpqSjw_Ep;M_K-Series Bar Joist-Rod Web:14K1:14K1:185450;;;4.606334560376695;-0.02736462668941311;M_K-Series Bar Joist-Rod Web:14K1:175829;True
1349;IfcBeam;1LjG5joarCGOsly5yT5geN;M_K-Series Bar Joist-Rod Web:14K1:14K1:189973;;;4.606334560376497;-0.01144299764662673;M_K-Series Bar Joist-Rod Web:14K1:175829;True
1350;IfcBeam;2lH_RQeBDBG8rH6PWO_62k;M_K-Series Bar Joist-Rod Web:14K1:14K1:220097;;;4.842561024393387;-0.030012722361837097;M_K-Series Bar Joist-Rod Web:14K1:175829;True
1351;IfcBeam;0NwXg6Ayr9z88KpqSjw_CD;M_K-Series Bar Joist-Rod Web:14K1:14K1:185556;;;4.606334560376695;-0.027364626688024335;M_K-Series Bar Joist-Rod Web:14K1:175829;True
1352;IfcBeam;0NwXg6Ayr9z88KpqSjw_Hi;M_K-Series Bar Joist-Rod Web:14K1:14K1:185269;;;3.175170277026493;-0.015297725145327299;M_K-Series Bar Joist-Rod Web:14K1:175829;True
1353;IfcBeam;0NwXg6Ayr9z88KpqSjw_FB;M_K-Series Bar Joist-Rod Web:14K1:14K1:185362;;;2.7572634206327873;-0.012480060724576362;M_K-Series Bar Joist-Rod Web:14K1:175829;True
1354;IfcBeam;0NwXg6Ayr9z88KpqSjw_CC;M_K-Series Bar Joist-Rod Web:14K1:14K1:185557;;;4.606334560376695;-0.027364626688666738;M_K-Series Bar Joist-Rod Web:14K1:175829;True
1355;IfcBeam;2Uhw1he2z3UO$DBmBugLvD;M_K-Series Bar Joist-Rod Web:14K1:14K1:190260;;;4.606334560376567;-0.01144299764634518;M_K-Series Bar Joist-Rod Web:14K1:175829;True
1356;IfcBeam;0NwXg6Ayr9z88KpqSjw_C8;M_K-Series Bar Joist-Rod Web:14K1:14K1:185553;;;4.606334560377255;-0.027364626688592707;M_K-Series Bar Joist-Rod Web:14K1:175829;True
1357;IfcBeam;0x5qVYj110cfqUl9_jBTrh;M_K-Series Bar Joist-Rod Web:14K1:14K1:231532;;;4.842561024393441;-0.030012722361778973;M_K-Series Bar Joist-Rod Web:14K1:175829;True
1358;IfcBeam;1JAILMC4DFlvhFr7yZdoXt;M_K-Series Bar Joist-Rod Web:10K1:10K1:228926;;;1.201409700801983;-0.004504764867739705;M_K-Series Bar Joist-Rod Web:10K1:228953;True
1359;IfcBeam;0NwXg6Ayr9z88KpqSjw_CF;M_K-Series Bar Joist-Rod Web:14K1:14K1:185558;;;4.606334560377251;-0.027364626688780584;M_K-Series Bar Joist-Rod Web:14K1:175829;True
1360;IfcBeam;0NwXg6Ayr9z88KpqSjwzC0;M_K-Series Bar Joist-Rod Web:14K1:14K1:189657;;;5.289425998567592;-0.03361511811034501;M_K-Series Bar Joist-Rod Web:14K1:175829;True
1361;IfcBeam;2lH_RQeBDBG8rH6PWO_63n;M_K-Series Bar Joist-Rod Web:14K1:14K1:220062;;;4.842561024393438;-0.030012722361402795;M_K-Series Bar Joist-Rod Web:14K1:175829;True
1362;IfcBeam;2LX158HAHA$f07Y9Ra1FQR;M_K-Series Bar Joist-Rod Web:14K1:14K1:225471;;;4.606334560376515;-0.027364626688231967;M_K-Series Bar Joist-Rod Web:14K1:175829;True
1363;IfcBeam;2Uhw1he2z3UO$DBmBugLvF;M_K-Series Bar Joist-Rod Web:14K1:14K1:190262;;;4.606334560376525;-0.011442997646280631;M_K-Series Bar Joist-Rod Web:14K1:175829;True
1364;IfcBeam;0NwXg6Ayr9z88KpqSjw_9L;M_K-Series Bar Joist-Rod Web:14K1:14K1:185740;;;5.43558690848546;-0.06965347778287104;M_K-Series Bar Joist-Rod Web:14K1:175829;True
1365;IfcBeam;0NwXg6Ayr9z88KpqSjw_GV;M_K-Series Bar Joist-Rod Web:14K1:14K1:185286;;;5.289967101046125;-0.033617674330771126;M_K-Series Bar Joist-Rod Web:14K1:175829;True
1366;IfcBeam;0NwXg6Ayr9z88KpqSjw_Hj;M_K-Series Bar Joist-Rod Web:14K1:14K1:185268;;;3.1751702770264876;-0.015297725145056966;M_K-Series Bar Joist-Rod Web:14K1:175829;True
1367;IfcBeam;2LX158HAHA$f07Y9Ra1FTf;M_K-Series Bar Joist-Rod Web:14K1:14K1:225613;;;2.757263420632537;-0.012480060724218266;M_K-Series Bar Joist-Rod Web:14K1:175829;True
1368;IfcBeam;2lH_RQeBDBG8rH6PWO_62$;M_K-Series Bar Joist-Rod Web:14K1:14K1:220112;;;4.839314352711906;-0.029998498999189056;M_K-Series Bar Joist-Rod Web:14K1:175829;True
1369;IfcBeam;0NwXg6Ayr9z88KpqSjwzGD;M_K-Series Bar Joist-Rod Web:14K1:14K1:189396;;;4.606334560377254;-0.011442997645611663;M_K-Series Bar Joist-Rod Web:14K1:175829;True
1370;IfcBeam;2LX158HAHA$f07Y9Ra1FRb;M_K-Series Bar Joist-Rod Web:14K1:14K1:225473;;;4.606334560376507;-0.027364626688340797;M_K-Series Bar Joist-Rod Web:14K1:175829;True
1371;IfcBeam;0NwXg6Ayr9z88KpqSjwzGZ;M_K-Series Bar Joist-Rod Web:14K1:14K1:189434;;;4.606334560376625;-0.011442997645553813;M_K-Series Bar Joist-Rod Web:14K1:175829;True
1372;IfcBeam;0NwXg6Ayr9z88KpqSjwzGW;M_K-Series Bar Joist-Rod Web:14K1:14K1:189433;;;4.6063345603765935;-0.011442997646034493;M_K-Series Bar Joist-Rod Web:14K1:175829;True
1373;IfcBeam;1LjG5joarCGOsly5yT5gaV;M_K-Series Bar Joist-Rod Web:14K1:14K1:189725;;;2.7572634206325866;-0.012480060724325334;M_K-Series Bar Joist-Rod Web:14K1:175829;True
1374;IfcBeam;2Uhw1he2z3UO$DBmBugLxx;M_K-Series Bar Joist-Rod Web:14K1:14K1:190338;;;2.7578095001936798;-0.012480592303934217;M_K-Series Bar Joist-Rod Web:14K1:175829;True
1375;IfcBeam;2lH_RQeBDBG8rH6PWO_62j;M_K-Series Bar Joist-Rod Web:14K1:14K1:220098;;;4.842561024393389;-0.030012722361004142;M_K-Series Bar Joist-Rod Web:14K1:175829;True
1376;IfcBeam;1LjG5joarCGOsly5yT5geG;M_K-Series Bar Joist-Rod Web:14K1:14K1:189970;;;4.606334560376543;-0.011442997646401798;M_K-Series Bar Joist-Rod Web:14K1:175829;True
1377;IfcBeam;0x5qVYj110cfqUl9_jBTrt;M_K-Series Bar Joist-Rod Web:14K1:14K1:231536;;;4.842561024393451;-0.0300127223611861;M_K-Series Bar Joist-Rod Web:14K1:175829;True
1378;IfcBeam;0NwXg6Ayr9z88KpqSjw_DD;M_K-Series Bar Joist-Rod Web:14K1:14K1:185492;;;5.435586908486037;0.0524113463641057;M_K-Series Bar Joist-Rod Web:14K1:175829;True
1379;IfcBeam;0NwXg6Ayr9z88KpqSjwzF1;M_K-Series Bar Joist-Rod Web:14K1:14K1:189464;;;4.606334560376593;-0.011442997645903735;M_K-Series Bar Joist-Rod Web:14K1:175829;True
1380;IfcBeam;2lH_RQeBDBG8rH6PWO_62g;M_K-Series Bar Joist-Rod Web:14K1:14K1:220101;;;4.842561024393388;-0.030012722361437424;M_K-Series Bar Joist-Rod Web:14K1:175829;True
1381;IfcBeam;2lH_RQeBDBG8rH6PWO_62z;M_K-Series Bar Joist-Rod Web:14K1:14K1:220114;;;4.839314352711907;-0.029998498998590927;M_K-Series Bar Joist-Rod Web:14K1:175829;True
1382;IfcBeam;0NwXg6Ayr9z88KpqSjwzG1;M_K-Series Bar Joist-Rod Web:14K1:14K1:189400;;;4.606334560377256;-0.011442997646837082;M_K-Series Bar Joist-Rod Web:14K1:175829;True
1383;IfcBeam;1JAILMC4DFlvhFr7yZdoW9;M_K-Series Bar Joist-Rod Web:10K1:10K1:228928;;;1.2014097008020015;-0.004504764867839775;M_K-Series Bar Joist-Rod Web:10K1:228953;True
1384;IfcBeam;2LX158HAHA$f07Y9Ra1FTq;M_K-Series Bar Joist-Rod Web:14K1:14K1:225616;;;2.757263420632544;-0.012480060724215895;M_K-Series Bar Joist-Rod Web:14K1:175829;True
1385;IfcBeam;2lH_RQeBDBG8rH6PWO_63m;M_K-Series Bar Joist-Rod Web:14K1:14K1:220063;;;4.842561024393379;-0.03001272236161695;M_K-Series Bar Joist-Rod Web:14K1:175829;True
1386;IfcBeam;0NwXg6Ayr9z88KpqSjwzGw;M_K-Series Bar Joist-Rod Web:14K1:14K1:189411;;;4.606334560376376;-0.011442997646729616;M_K-Series Bar Joist-Rod Web:14K1:175829;True
1387;IfcBeam;0NwXg6Ayr9z88KpqSjwzGi;M_K-Series Bar Joist-Rod Web:14K1:14K1:189429;;;4.6063345603765935;-0.011442997645922328;M_K-Series Bar Joist-Rod Web:14K1:175829;True
1388;IfcBeam;1LjG5joarCGOsly5yT5geI;M_K-Series Bar Joist-Rod Web:14K1:14K1:189968;;;4.606334560376506;-0.011442997646305408;M_K-Series Bar Joist-Rod Web:14K1:175829;True
1389;IfcBeam;2lH_RQeBDBG8rH6PWO_62_;M_K-Series Bar Joist-Rod Web:14K1:14K1:220113;;;4.8393143527119085;-0.02999849899879677;M_K-Series Bar Joist-Rod Web:14K1:175829;True
1390;IfcBeam;0NwXg6Ayr9z88KpqSjw_Fk;M_K-Series Bar Joist-Rod Web:14K1:14K1:185399;;;3.50500195684804;-0.018116050958837324;M_K-Series Bar Joist-Rod Web:14K1:175829;True
1391;IfcBeam;0NwXg6Ayr9z88KpqSjw_E4;M_K-Series Bar Joist-Rod Web:14K1:14K1:185437;;;5.289967101046123;-0.033617674331772075;M_K-Series Bar Joist-Rod Web:14K1:175829;True
1392;IfcBeam;2lH_RQeBDBG8rH6PWO_63Y;M_K-Series Bar Joist-Rod Web:14K1:14K1:220045;;;4.842561024393464;-0.030012722361556853;M_K-Series Bar Joist-Rod Web:14K1:175829;True
1393;IfcBeam;0NwXg6Ayr9z88KpqSjwzDn;M_K-Series Bar Joist-Rod Web:14K1:14K1:189608;;;2.7572634206327167;-0.012480060724052465;M_K-Series Bar Joist-Rod Web:14K1:175829;True
1394;IfcBeam;0NwXg6Ayr9z88KpqSjw_9r;M_K-Series Bar Joist-Rod Web:14K1:14K1:185772;;;5.4355869084853765;0.052411346362746594;M_K-Series Bar Joist-Rod Web:14K1:175829;True
1395;IfcBeam;0NwXg6Ayr9z88KpqSjwzGy;M_K-Series Bar Joist-Rod Web:14K1:14K1:189413;;;4.606334560376622;-0.011442997645845452;M_K-Series Bar Joist-Rod Web:14K1:175829;True
1396;IfcBeam;0NwXg6Ayr9z88KpqSjw_1$;M_K-Series Bar Joist-Rod Web:14K1:14K1:186278;;;3.5050019568479773;-0.018116050958840738;M_K-Series Bar Joist-Rod Web:14K1:175829;True
1397;IfcBeam;0x5qVYj110cfqUl9_jBTre;M_K-Series Bar Joist-Rod Web:14K1:14K1:231535;;;4.842561024393456;-0.030012722360797318;M_K-Series Bar Joist-Rod Web:14K1:175829;True
1398;IfcBeam;1JAILMC4DFlvhFr7yZdoXn;M_K-Series Bar Joist-Rod Web:10K1:10K1:228920;;;1.2014097008020108;-0.004504764867852157;M_K-Series Bar Joist-Rod Web:10K1:228953;True
1399;IfcBeam;0NwXg6Ayr9z88KpqSjw_9q;M_K-Series Bar Joist-Rod Web:14K1:14K1:185773;;;5.435586908485651;0.052411346364040774;M_K-Series Bar Joist-Rod Web:14K1:175829;True
1400;IfcBeam;0NwXg6Ayr9z88KpqSjwzCS;M_K-Series Bar Joist-Rod Web:14K1:14K1:189637;;;2.757263420632541;-0.01248006072423596;M_K-Series Bar Joist-Rod Web:14K1:175829;True
1401;IfcBeam;2lH_RQeBDBG8rH6PWO_63S;M_K-Series Bar Joist-Rod Web:14K1:14K1:220083;;;4.842561024393375;-0.030012722361465287;M_K-Series Bar Joist-Rod Web:14K1:175829;True
1402;IfcBeam;2Uhw1he2z3UO$DBmBugLxw;M_K-Series Bar Joist-Rod Web:14K1:14K1:190339;;;2.757263420632559;-0.012480060724184686;M_K-Series Bar Joist-Rod Web:14K1:175829;True
1403;IfcBeam;2lH_RQeBDBG8rH6PWO_60M;M_K-Series Bar Joist-Rod Web:14K1:14K1:220025;;;4.842561024393445;-0.03001272236153819;M_K-Series Bar Joist-Rod Web:14K1:175829;True
1404;IfcBeam;2lH_RQeBDBG8rH6PWO_63T;M_K-Series Bar Joist-Rod Web:14K1:14K1:220082;;;4.8425610243932375;-0.030012722361064333;M_K-Series Bar Joist-Rod Web:14K1:175829;True
1405;IfcBeam;0NwXg6Ayr9z88KpqSjw_1y;M_K-Series Bar Joist-Rod Web:14K1:14K1:186277;;;3.5050019568479773;-0.018116050959134804;M_K-Series Bar Joist-Rod Web:14K1:175829;True
1406;IfcBeam;0NwXg6Ayr9z88KpqSjw_CR;M_K-Series Bar Joist-Rod Web:14K1:14K1:185538;;;5.435586908486039;0.052411346363283234;M_K-Series Bar Joist-Rod Web:14K1:175829;True
1407;IfcBeam;0NwXg6Ayr9z88KpqSjw_DA;M_K-Series Bar Joist-Rod Web:14K1:14K1:185491;;;5.435586908486043;0.05241134636353376;M_K-Series Bar Joist-Rod Web:14K1:175829;True
1408;IfcBeam;1LjG5joarCGOsly5yT5gcV;M_K-Series Bar Joist-Rod Web:14K1:14K1:189853;;;3.175170277025873;-0.015297725144867885;M_K-Series Bar Joist-Rod Web:14K1:175829;True
1409;IfcBeam;2lH_RQeBDBG8rH6PWO_60J;M_K-Series Bar Joist-Rod Web:14K1:14K1:220028;;;4.842561024393441;-0.030012722361548276;M_K-Series Bar Joist-Rod Web:14K1:175829;True
1410;IfcBeam;1LjG5joarCGOsly5yT5gaT;M_K-Series Bar Joist-Rod Web:14K1:14K1:189727;;;2.7572634206326225;-0.012480060723944182;M_K-Series Bar Joist-Rod Web:14K1:175829;True
1411;IfcBeam;2lH_RQeBDBG8rH6PWO_60O;M_K-Series Bar Joist-Rod Web:14K1:14K1:220023;;;4.842561024393488;-0.03001272236152146;M_K-Series Bar Joist-Rod Web:14K1:175829;True
1412;IfcBeam;0NwXg6Ayr9z88KpqSjwzBI;M_K-Series Bar Joist-Rod Web:14K1:14K1:189707;;;5.289425998567805;-0.03361511810963858;M_K-Series Bar Joist-Rod Web:14K1:175829;True
1413;IfcBeam;0NwXg6Ayr9z88KpqSjw_Eq;M_K-Series Bar Joist-Rod Web:14K1:14K1:185453;;;4.606334560376696;-0.027364626688514613;M_K-Series Bar Joist-Rod Web:14K1:175829;True
1414;IfcBeam;0NwXg6Ayr9z88KpqSjw_E2;M_K-Series Bar Joist-Rod Web:14K1:14K1:185435;;;5.289967101046026;-0.03361767433075407;M_K-Series Bar Joist-Rod Web:14K1:175829;True
1415;IfcBeam;2LX158HAHA$f07Y9Ra1FRa;M_K-Series Bar Joist-Rod Web:14K1:14K1:225472;;;4.606334560376496;-0.027364626688255275;M_K-Series Bar Joist-Rod Web:14K1:175829;True
1416;IfcBeam;2LX158HAHA$f07Y9Ra1FQO;M_K-Series Bar Joist-Rod Web:14K1:14K1:225468;;;4.606334560376498;-0.027364626688295517;M_K-Series Bar Joist-Rod Web:14K1:175829;True
1417;IfcBeam;1JAILMC4DFlvhFr7yZdoXp;M_K-Series Bar Joist-Rod Web:10K1:10K1:228922;;;1.2014097008020108;-0.004504764867830245;M_K-Series Bar Joist-Rod Web:10K1:228953;True
1418;IfcBeam;0NwXg6Ayr9z88KpqSjw_9I;M_K-Series Bar Joist-Rod Web:14K1:14K1:185739;;;5.435586908485444;-0.06965347778354211;M_K-Series Bar Joist-Rod Web:14K1:175829;True
1419;IfcBeam;2Uhw1he2z3UO$DBmBugLvE;M_K-Series Bar Joist-Rod Web:14K1:14K1:190263;;;4.606334560376524;-0.01144299764635522;M_K-Series Bar Joist-Rod Web:14K1:175829;True
1420;IfcBeam;2lH_RQeBDBG8rH6PWO_62i;M_K-Series Bar Joist-Rod Web:14K1:14K1:220099;;;4.842561024393386;-0.03001272236199809;M_K-Series Bar Joist-Rod Web:14K1:175829;True
1421;IfcBeam;0x5qVYj110cfqUl9_jBTri;M_K-Series Bar Joist-Rod Web:14K1:14K1:231531;;;4.842561024393451;-0.03001272236179036;M_K-Series Bar Joist-Rod Web:14K1:175829;True
1422;IfcBeam;0NwXg6Ayr9z88KpqSjwzDl;M_K-Series Bar Joist-Rod Web:14K1:14K1:189622;;;2.757263420632601;-0.012480060724060197;M_K-Series Bar Joist-Rod Web:14K1:175829;True
1423;IfcBeam;2lH_RQeBDBG8rH6PWO_60P;M_K-Series Bar Joist-Rod Web:14K1:14K1:220022;;;4.842561024393492;-0.03001272236140516;M_K-Series Bar Joist-Rod Web:14K1:175829;True
1424;IfcBeam;0NwXg6Ayr9z88KpqSjw_1_;M_K-Series Bar Joist-Rod Web:14K1:14K1:186279;;;3.5050019568479764;-0.0181160509586213;M_K-Series Bar Joist-Rod Web:14K1:175829;True
1425;IfcBeam;2LX158HAHA$f07Y9Ra1FTg;M_K-Series Bar Joist-Rod Web:14K1:14K1:225614;;;2.757263420632536;-0.01248006072423643;M_K-Series Bar Joist-Rod Web:14K1:175829;True
1426;IfcBeam;0NwXg6Ayr9z88KpqSjw_Dd;M_K-Series Bar Joist-Rod Web:14K1:14K1:185534;;;5.435586908486038;0.05241134636287941;M_K-Series Bar Joist-Rod Web:14K1:175829;True
1427;IfcBeam;2Uhw1he2z3UO$DBmBugLxv;M_K-Series Bar Joist-Rod Web:14K1:14K1:190336;;;2.7572634206325652;-0.012480060724201669;M_K-Series Bar Joist-Rod Web:14K1:175829;True
1428;IfcBeam;2lH_RQeBDBG8rH6PWO_63a;M_K-Series Bar Joist-Rod Web:14K1:14K1:220043;;;4.842561024393482;-0.03001272236142094;M_K-Series Bar Joist-Rod Web:14K1:175829;True
1429;IfcBeam;2lH_RQeBDBG8rH6PWO_60L;M_K-Series Bar Joist-Rod Web:14K1:14K1:220026;;;4.842561024393448;-0.0300127223615332;M_K-Series Bar Joist-Rod Web:14K1:175829;True
1430;IfcBeam;0x5qVYj110cfqUl9_jBTrg;M_K-Series Bar Joist-Rod Web:14K1:14K1:231533;;;4.842561024393441;-0.030012722360920355;M_K-Series Bar Joist-Rod Web:14K1:175829;True
1431;IfcBeam;0NwXg6Ayr9z88KpqSjwzRM;M_K-Series Bar Joist-Rod Web:14K1:14K1:188687;;;3.6870109468335284;-0.020550974284889285;M_K-Series Bar Joist-Rod Web:14K1:175829;True
1432;IfcBeam;2lH_RQeBDBG8rH6PWO_63_;M_K-Series Bar Joist-Rod Web:14K1:14K1:220049;;;4.842561024393432;-0.030012722361517596;M_K-Series Bar Joist-Rod Web:14K1:175829;True
1433;IfcBeam;0NwXg6Ayr9z88KpqSjwzG_;M_K-Series Bar Joist-Rod Web:14K1:14K1:189415;;;4.606334560376616;-0.011442997646324563;M_K-Series Bar Joist-Rod Web:14K1:175829;True
1434;IfcBeam;0NwXg6Ayr9z88KpqSjw_CB;M_K-Series Bar Joist-Rod Web:14K1:14K1:185554;;;4.606334560376696;-0.027364626687496275;M_K-Series Bar Joist-Rod Web:14K1:175829;True
1435;IfcBeam;0NwXg6Ayr9z88KpqSjw_13;M_K-Series Bar Joist-Rod Web:14K1:14K1:186266;;;5.289967101045889;-0.03361767433049231;M_K-Series Bar Joist-Rod Web:14K1:175829;True
1436;IfcBeam;2lH_RQeBDBG8rH6PWO_608;M_K-Series Bar Joist-Rod Web:14K1:14K1:220007;;;4.842561024393432;-0.030012722361741233;M_K-Series Bar Joist-Rod Web:14K1:175829;True
1437;IfcBeam;0NwXg6Ayr9z88KpqSjwzHA;M_K-Series Bar Joist-Rod Web:14K1:14K1:189331;;;5.28996710104613;-0.033617674331340955;M_K-Series Bar Joist-Rod Web:14K1:175829;True
1438;IfcBeam;1LjG5joarCGOsly5yT5ge1;M_K-Series Bar Joist-Rod Web:14K1:14K1:189955;;;4.6063345603763315;-0.011442997645965076;M_K-Series Bar Joist-Rod Web:14K1:175829;True
1439;IfcBeam;1LjG5joarCGOsly5yT5geJ;M_K-Series Bar Joist-Rod Web:14K1:14K1:189969;;;4.606334560376493;-0.011442997646221722;M_K-Series Bar Joist-Rod Web:14K1:175829;True
1440;IfcBeam;0NwXg6Ayr9z88KpqSjw_GS;M_K-Series Bar Joist-Rod Web:14K1:14K1:185285;;;5.2899671010461295;-0.033617674332472335;M_K-Series Bar Joist-Rod Web:14K1:175829;True
1441;IfcBeam;0NwXg6Ayr9z88KpqSjwzDg;M_K-Series Bar Joist-Rod Web:14K1:14K1:189619;;;2.7572634206325057;-0.012480060724332801;M_K-Series Bar Joist-Rod Web:14K1:175829;True
1442;IfcBeam;2lH_RQeBDBG8rH6PWO_63E;M_K-Series Bar Joist-Rod Web:14K1:14K1:220065;;;4.84256102439344;-0.03001272236125733;M_K-Series Bar Joist-Rod Web:14K1:175829;True
1443;IfcBeam;1LjG5joarCGOsly5yT5ge6;M_K-Series Bar Joist-Rod Web:14K1:14K1:189956;;;4.6063345603764905;-0.01144299764636353;M_K-Series Bar Joist-Rod Web:14K1:175829;True
1444;IfcBeam;0NwXg6Ayr9z88KpqSjw_9H;M_K-Series Bar Joist-Rod Web:14K1:14K1:185736;;;5.43558690848546;-0.06965347778373208;M_K-Series Bar Joist-Rod Web:14K1:175829;True
1445;IfcBeam;2LX158HAHA$f07Y9Ra1FTr;M_K-Series Bar Joist-Rod Web:14K1:14K1:225617;;;2.757263420632539;-0.01248006072428202;M_K-Series Bar Joist-Rod Web:14K1:175829;True
1446;IfcBeam;0NwXg6Ayr9z88KpqSjwzFF;M_K-Series Bar Joist-Rod Web:14K1:14K1:189462;;;4.606334560376421;-0.011442997646619995;M_K-Series Bar Joist-Rod Web:14K1:175829;True
1447;IfcBeam;0NwXg6Ayr9z88KpqSjw_9J;M_K-Series Bar Joist-Rod Web:14K1:14K1:185738;;;5.435586908485459;-0.06965347778217704;M_K-Series Bar Joist-Rod Web:14K1:175829;True
1448;IfcBeam;0NwXg6Ayr9z88KpqSjwzCT;M_K-Series Bar Joist-Rod Web:14K1:14K1:189636;;;2.7572634206325377;-0.01248006072425028;M_K-Series Bar Joist-Rod Web:14K1:175829;True
1449;IfcBeam;0NwXg6Ayr9z88KpqSjw_Fl;M_K-Series Bar Joist-Rod Web:14K1:14K1:185398;;;3.5050019568480377;-0.018116050959590468;M_K-Series Bar Joist-Rod Web:14K1:175829;True
1450;IfcBeam;0NwXg6Ayr9z88KpqSjwzG$;M_K-Series Bar Joist-Rod Web:14K1:14K1:189414;;;4.606334560376614;-0.011442997645433373;M_K-Series Bar Joist-Rod Web:14K1:175829;True
1451;IfcBeam;0NwXg6Ayr9z88KpqSjw_9m;M_K-Series Bar Joist-Rod Web:14K1:14K1:185769;;;5.435586908485372;0.05241134636323796;M_K-Series Bar Joist-Rod Web:14K1:175829;True
1452;IfcBeam;0NwXg6Ayr9z88KpqSjwzC_;M_K-Series Bar Joist-Rod Web:14K1:14K1:189671;;;3.5050019568479955;-0.018116050958490434;M_K-Series Bar Joist-Rod Web:14K1:175829;True
1453;IfcBeam;2LX158HAHA$f07Y9Ra1FQQ;M_K-Series Bar Joist-Rod Web:14K1:14K1:225470;;;4.606334560376489;-0.02736462668832472;M_K-Series Bar Joist-Rod Web:14K1:175829;True
1454;IfcBeam;0NwXg6Ayr9z88KpqSjw_1E;M_K-Series Bar Joist-Rod Web:14K1:14K1:186263;;;5.289967101045841;-0.03361767433076813;M_K-Series Bar Joist-Rod Web:14K1:175829;True
1455;IfcBeam;0NwXg6Ayr9z88KpqSjwzC$;M_K-Series Bar Joist-Rod Web:14K1:14K1:189670;;;3.505001956848;-0.018116050958527558;M_K-Series Bar Joist-Rod Web:14K1:175829;True
1456;IfcBeam;0NwXg6Ayr9z88KpqSjwzR8;M_K-Series Bar Joist-Rod Web:14K1:14K1:188689;;;3.687010946833526;-0.02055097428448629;M_K-Series Bar Joist-Rod Web:14K1:175829;True
1457;IfcBeam;0NwXg6Ayr9z88KpqSjwzCU;M_K-Series Bar Joist-Rod Web:14K1:14K1:189639;;;2.7572634206325386;-0.01248006072410968;M_K-Series Bar Joist-Rod Web:14K1:175829;True
1458;IfcBeam;1LjG5joarCGOsly5yT5geM;M_K-Series Bar Joist-Rod Web:14K1:14K1:189972;;;4.606334560376545;-0.011442997646137576;M_K-Series Bar Joist-Rod Web:14K1:175829;True
1459;IfcBeam;0NwXg6Ayr9z88KpqSjwzCy;M_K-Series Bar Joist-Rod Web:14K1:14K1:189669;;;3.505001956847686;-0.01811605095907133;M_K-Series Bar Joist-Rod Web:14K1:175829;True
1460;IfcBeam;0NwXg6Ayr9z88KpqSjw_GH;M_K-Series Bar Joist-Rod Web:14K1:14K1:185288;;;5.2899671010461295;-0.0336176743318094;M_K-Series Bar Joist-Rod Web:14K1:175829;True
1461;IfcBeam;2Uhw1he2z3UO$DBmBugLxu;M_K-Series Bar Joist-Rod Web:14K1:14K1:190337;;;2.7572634206325572;-0.012480060724171982;M_K-Series Bar Joist-Rod Web:14K1:175829;True
1462;IfcBeam;0NwXg6Ayr9z88KpqSjw_AT;M_K-Series Bar Joist-Rod Web:14K1:14K1:185668;;;4.6063345603766255;-0.02736462668871271;M_K-Series Bar Joist-Rod Web:14K1:175829;True
1463;IfcBeam;2lH_RQeBDBG8rH6PWO_60N;M_K-Series Bar Joist-Rod Web:14K1:14K1:220024;;;4.842561024393461;-0.03001272236154597;M_K-Series Bar Joist-Rod Web:14K1:175829;True
1464;IfcBeam;0NwXg6Ayr9z88KpqSjwzBG;M_K-Series Bar Joist-Rod Web:14K1:14K1:189705;;;5.289425998567807;-0.03361511811043102;M_K-Series Bar Joist-Rod Web:14K1:175829;True
1465;IfcBeam;0NwXg6Ayr9z88KpqSjw_9t;M_K-Series Bar Joist-Rod Web:14K1:14K1:185774;;;5.435586908485371;0.05241134636345347;M_K-Series Bar Joist-Rod Web:14K1:175829;True
1466;IfcBeam;0NwXg6Ayr9z88KpqSjw_DB;M_K-Series Bar Joist-Rod Web:14K1:14K1:185490;;;5.435586908486039;0.05241134636179988;M_K-Series Bar Joist-Rod Web:14K1:175829;True
1467;IfcBeam;0NwXg6Ayr9z88KpqSjwzCH;M_K-Series Bar Joist-Rod Web:14K1:14K1:189640;;;2.7572634206325377;-0.012480060724305513;M_K-Series Bar Joist-Rod Web:14K1:175829;True
1468;IfcBeam;1LjG5joarCGOsly5yT5gcS;M_K-Series Bar Joist-Rod Web:14K1:14K1:189854;;;3.1751702770258747;-0.015297725145542673;M_K-Series Bar Joist-Rod Web:14K1:175829;True
1469;IfcBeam;0NwXg6Ayr9z88KpqSjwzR9;M_K-Series Bar Joist-Rod Web:14K1:14K1:188688;;;3.687010946833535;-0.020550974284943825;M_K-Series Bar Joist-Rod Web:14K1:175829;True
1470;IfcBeam;2Uhw1he2z3UO$DBmBugLvC;M_K-Series Bar Joist-Rod Web:14K1:14K1:190261;;;4.606334560376532;-0.011442997646375535;M_K-Series Bar Joist-Rod Web:14K1:175829;True
1471;IfcBeam;0NwXg6Ayr9z88KpqSjw_8v;M_K-Series Bar Joist-Rod Web:14K1:14K1:185824;;;5.289967101045577;-0.03361767433091174;M_K-Series Bar Joist-Rod Web:14K1:175829;True
1472;IfcBeam;0x5qVYj110cfqUl9_jBTrf;M_K-Series Bar Joist-Rod Web:14K1:14K1:231534;;;4.842561024393446;-0.030012722361852442;M_K-Series Bar Joist-Rod Web:14K1:175829;True
1473;IfcBeam;0NwXg6Ayr9z88KpqSjw_9U;M_K-Series Bar Joist-Rod Web:14K1:14K1:185735;;;5.43558690848571;-0.06965347778403577;M_K-Series Bar Joist-Rod Web:14K1:175829;True
1474;IfcBeam;2lH_RQeBDBG8rH6PWO_63W;M_K-Series Bar Joist-Rod Web:14K1:14K1:220047;;;4.84256102439346;-0.030012722361542194;M_K-Series Bar Joist-Rod Web:14K1:175829;True
1475;IfcBeam;0NwXg6Ayr9z88KpqSjw_E3;M_K-Series Bar Joist-Rod Web:14K1:14K1:185434;;;5.289967101046123;-0.03361767433244123;M_K-Series Bar Joist-Rod Web:14K1:175829;True
1476;IfcBeam;0NwXg6Ayr9z88KpqSjw_AS;M_K-Series Bar Joist-Rod Web:14K1:14K1:185669;;;4.606334560376624;-0.027364626688217715;M_K-Series Bar Joist-Rod Web:14K1:175829;True
1477;IfcBeam;0NwXg6Ayr9z88KpqSjwzCQ;M_K-Series Bar Joist-Rod Web:14K1:14K1:189635;;;2.757263420632562;-0.01248006072422896;M_K-Series Bar Joist-Rod Web:14K1:175829;True
1478;IfcBeam;2lH_RQeBDBG8rH6PWO_62l;M_K-Series Bar Joist-Rod Web:14K1:14K1:220096;;;4.842561024393386;-0.03001272236180546;M_K-Series Bar Joist-Rod Web:14K1:175829;True
1479;IfcBeam;0NwXg6Ayr9z88KpqSjwzCz;M_K-Series Bar Joist-Rod Web:14K1:14K1:189668;;;3.5050019568477806;-0.018116050959155087;M_K-Series Bar Joist-Rod Web:14K1:175829;True
1480;IfcBeam;2lH_RQeBDBG8rH6PWO_60E;M_K-Series Bar Joist-Rod Web:14K1:14K1:220001;;;4.842561024393484;-0.030012722361577922;M_K-Series Bar Joist-Rod Web:14K1:175829;True
1481;IfcBeam;0NwXg6Ayr9z88KpqSjwzIZ;M_K-Series Bar Joist-Rod Web:14K1:14K1:189306;;;2.7572634206327926;-0.012480060724331294;M_K-Series Bar Joist-Rod Web:14K1:175829;True
1482;IfcBeam;0NwXg6Ayr9z88KpqSjwzGk;M_K-Series Bar Joist-Rod Web:14K1:14K1:189431;;;4.606334560376596;-0.011442997646970208;M_K-Series Bar Joist-Rod Web:14K1:175829;True
1483;IfcBeam;0NwXg6Ayr9z88KpqSjwzRN;M_K-Series Bar Joist-Rod Web:14K1:14K1:188686;;;3.6870109468335444;-0.02055097428458091;M_K-Series Bar Joist-Rod Web:14K1:175829;True
1484;IfcBeam;0NwXg6Ayr9z88KpqSjwzGz;M_K-Series Bar Joist-Rod Web:14K1:14K1:189412;;;4.606334560376614;-0.011442997646570141;M_K-Series Bar Joist-Rod Web:14K1:175829;True
1485;IfcBeam;1LjG5joarCGOsly5yT5gaU;M_K-Series Bar Joist-Rod Web:14K1:14K1:189724;;;2.7572634206325137;-0.012480060724303422;M_K-Series Bar Joist-Rod Web:14K1:175829;True
1486;IfcBeam;0NwXg6Ayr9z88KpqSjw_CQ;M_K-Series Bar Joist-Rod Web:14K1:14K1:185539;;;5.435586908486043;0.052411346362654425;M_K-Series Bar Joist-Rod Web:14K1:175829;True
1487;IfcBeam;2lH_RQeBDBG8rH6PWO_63D;M_K-Series Bar Joist-Rod Web:14K1:14K1:220066;;;4.842561024393378;-0.03001272236186148;M_K-Series Bar Joist-Rod Web:14K1:175829;True
1488;IfcBeam;0NwXg6Ayr9z88KpqSjwzCF;M_K-Series Bar Joist-Rod Web:14K1:14K1:189654;;;5.289425998567785;-0.03361511810885659;M_K-Series Bar Joist-Rod Web:14K1:175829;True
1489;IfcBeam;0NwXg6Ayr9z88KpqSjw_1m;M_K-Series Bar Joist-Rod Web:14K1:14K1:186281;;;3.5050019568476904;-0.018116050959293768;M_K-Series Bar Joist-Rod Web:14K1:175829;True
1490;IfcBeam;0NwXg6Ayr9z88KpqSjw_91;M_K-Series Bar Joist-Rod Web:14K1:14K1:185752;;;5.435586908485446;-0.06965347778432732;M_K-Series Bar Joist-Rod Web:14K1:175829;True
1491;IfcBeam;0NwXg6Ayr9z88KpqSjw_95;M_K-Series Bar Joist-Rod Web:14K1:14K1:185756;;;5.435586908485365;-0.06965347778356042;M_K-Series Bar Joist-Rod Web:14K1:175829;True
1492;IfcBeam;0NwXg6Ayr9z88KpqSjw_Bv;M_K-Series Bar Joist-Rod Web:14K1:14K1:185632;;;5.289967101045655;-0.0336176743307744;M_K-Series Bar Joist-Rod Web:14K1:175829;True
1493;IfcBeam;0NwXg6Ayr9z88KpqSjwzGj;M_K-Series Bar Joist-Rod Web:14K1:14K1:189428;;;4.606334560376589;-0.011442997646458387;M_K-Series Bar Joist-Rod Web:14K1:175829;True
1494;IfcBeam;2lH_RQeBDBG8rH6PWO_611;M_K-Series Bar Joist-Rod Web:14K1:14K1:219950;;;4.8425610243934525;-0.030012722361267567;M_K-Series Bar Joist-Rod Web:14K1:175829;True
1495;IfcBeam;2LX158HAHA$f07Y9Ra1FQP;M_K-Series Bar Joist-Rod Web:14K1:14K1:225469;;;4.606334560376485;-0.027364626688248014;M_K-Series Bar Joist-Rod Web:14K1:175829;True
1496;IfcBeam;2lH_RQeBDBG8rH6PWO_60v;M_K-Series Bar Joist-Rod Web:14K1:14K1:219990;;;4.8425610243933574;-0.030012722361575414;M_K-Series Bar Joist-Rod Web:14K1:175829;True
1497;IfcBeam;0NwXg6Ayr9z88KpqSjwzBJ;M_K-Series Bar Joist-Rod Web:14K1:14K1:189706;;;5.289425998567968;-0.03361511811130765;M_K-Series Bar Joist-Rod Web:14K1:175829;True
1498;IfcBeam;0NwXg6Ayr9z88KpqSjwzRg;M_K-Series Bar Joist-Rod Web:14K1:14K1:188723;;;1.364918915137364;-0.006546129958187942;M_K-Series Bar Joist-Rod Web:14K1:175829;True
1499;IfcBeam;0NwXg6Ayr9z88KpqSjw_B6;M_K-Series Bar Joist-Rod Web:14K1:14K1:185631;;;5.289967101045655;-0.03361767433148011;M_K-Series Bar Joist-Rod Web:14K1:175829;True
1500;IfcBeam;0NwXg6Ayr9z88KpqSjw_CO;M_K-Series Bar Joist-Rod Web:14K1:14K1:185537;;;5.435586908486038;0.052411346363212326;M_K-Series Bar Joist-Rod Web:14K1:175829;True
1501;IfcBeam;0NwXg6Ayr9z88KpqSjwzF0;M_K-Series Bar Joist-Rod Web:14K1:14K1:189465;;;4.60633456037659;-0.011442997646741738;M_K-Series Bar Joist-Rod Web:14K1:175829;True
1502;IfcBeam;0NwXg6Ayr9z88KpqSjw_Dc;M_K-Series Bar Joist-Rod Web:14K1:14K1:185535;;;5.435586908486047;0.05241134636460718;M_K-Series Bar Joist-Rod Web:14K1:175829;True
1503;IfcBeam;0NwXg6Ayr9z88KpqSjw_1Y;M_K-Series Bar Joist-Rod Web:14K1:14K1:186299;;;5.289967101046023;-0.033617674330660534;M_K-Series Bar Joist-Rod Web:14K1:175829;True
1504;IfcBeam;1LjG5joarCGOsly5yT5gaW;M_K-Series Bar Joist-Rod Web:14K1:14K1:189730;;;2.7572634206325883;-0.01248006072403169;M_K-Series Bar Joist-Rod Web:14K1:175829;True
1505;IfcBeam;2Uhw1he2z3UO$DBmBugLu6;M_K-Series Bar Joist-Rod Web:14K1:14K1:190335;;;2.7572634206325426;-0.012480060724135876;M_K-Series Bar Joist-Rod Web:14K1:175829;True
1506;IfcBeam;2Uhw1he2z3UO$DBmBugLxy;M_K-Series Bar Joist-Rod Web:14K1:14K1:190341;;;2.757263420632545;-0.012480060724184429;M_K-Series Bar Joist-Rod Web:14K1:175829;True
1507;IfcBeam;0NwXg6Ayr9z88KpqSjw_B8;M_K-Series Bar Joist-Rod Web:14K1:14K1:185617;;;3.1751702770262153;-0.015297725145085053;M_K-Series Bar Joist-Rod Web:14K1:175829;True
1508;IfcBeam;0NwXg6Ayr9z88KpqSjwzGl;M_K-Series Bar Joist-Rod Web:14K1:14K1:189430;;;4.60633456037659;-0.01144299764587056;M_K-Series Bar Joist-Rod Web:14K1:175829;True
1509;IfcBeam;0NwXg6Ayr9z88KpqSjwzGm;M_K-Series Bar Joist-Rod Web:14K1:14K1:189417;;;4.606334560376618;-0.011442997646574804;M_K-Series Bar Joist-Rod Web:14K1:175829;True
1510;IfcBeam;0NwXg6Ayr9z88KpqSjwzBV;M_K-Series Bar Joist-Rod Web:14K1:14K1:189702;;;5.289425998567967;-0.033615118109429194;M_K-Series Bar Joist-Rod Web:14K1:175829;True
1511;IfcBeam;0NwXg6Ayr9z88KpqSjwzDi;M_K-Series Bar Joist-Rod Web:14K1:14K1:189621;;;2.757263420632603;-0.012480060724051167;M_K-Series Bar Joist-Rod Web:14K1:175829;True
1512;IfcBeam;2lH_RQeBDBG8rH6PWO_630;M_K-Series Bar Joist-Rod Web:14K1:14K1:220079;;;4.842561024393369;-0.030012722361972735;M_K-Series Bar Joist-Rod Web:14K1:175829;True
1513;IfcBeam;0NwXg6Ayr9z88KpqSjwzHE;M_K-Series Bar Joist-Rod Web:14K1:14K1:189335;;;5.289425998568023;-0.03361511811021443;M_K-Series Bar Joist-Rod Web:14K1:175829;True
1514;IfcBeam;0NwXg6Ayr9z88KpqSjwzCD;M_K-Series Bar Joist-Rod Web:14K1:14K1:189652;;;5.28996710104591;-0.033617674331114226;M_K-Series Bar Joist-Rod Web:14K1:175829;True
1515;IfcBeam;0NwXg6Ayr9z88KpqSjwzQz;M_K-Series Bar Joist-Rod Web:14K1:14K1:188772;;;2.982996370277532;-0.01495593288492332;M_K-Series Bar Joist-Rod Web:14K1:175829;True
1516;IfcBeam;0NwXg6Ayr9z88KpqSjw_Al;M_K-Series Bar Joist-Rod Web:14K1:14K1:185718;;;5.289967101045758;-0.033617674330705845;M_K-Series Bar Joist-Rod Web:14K1:175829;True
1517;IfcBeam;2Uhw1he2z3UO$DBmBugLxz;M_K-Series Bar Joist-Rod Web:14K1:14K1:190340;;;2.757263420632545;-0.01248006072417471;M_K-Series Bar Joist-Rod Web:14K1:175829;True
1518;IfcBeam;1LjG5joarCGOsly5yT5gaS;M_K-Series Bar Joist-Rod Web:14K1:14K1:189726;;;2.7572634206325866;-0.012480060723954288;M_K-Series Bar Joist-Rod Web:14K1:175829;True
1519;IfcBeam;0NwXg6Ayr9z88KpqSjw_FA;M_K-Series Bar Joist-Rod Web:14K1:14K1:185363;;;2.7572634206327886;-0.012480060724110049;M_K-Series Bar Joist-Rod Web:14K1:175829;True
1520;IfcBeam;0NwXg6Ayr9z88KpqSjwzCZ;M_K-Series Bar Joist-Rod Web:14K1:14K1:189690;;;5.289425998567849;-0.03361511810950943;M_K-Series Bar Joist-Rod Web:14K1:175829;True
1521;IfcBeam;0NwXg6Ayr9z88KpqSjw_86;M_K-Series Bar Joist-Rod Web:14K1:14K1:185823;;;5.289967101045579;-0.03361767433092384;M_K-Series Bar Joist-Rod Web:14K1:175829;True
1522;IfcBeam;0NwXg6Ayr9z88KpqSjwzCY;M_K-Series Bar Joist-Rod Web:14K1:14K1:189691;;;5.289425998567854;-0.033615118110340514;M_K-Series Bar Joist-Rod Web:14K1:175829;True
1523;IfcBeam;2lH_RQeBDBG8rH6PWO_62y;M_K-Series Bar Joist-Rod Web:14K1:14K1:220115;;;4.839314352711906;-0.02999849899982974;M_K-Series Bar Joist-Rod Web:14K1:175829;True
1524;IfcBeam;0NwXg6Ayr9z88KpqSjwzGn;M_K-Series Bar Joist-Rod Web:14K1:14K1:189416;;;4.606334560376622;-0.011442997645845452;M_K-Series Bar Joist-Rod Web:14K1:175829;True
1525;IfcBeam;0NwXg6Ayr9z88KpqSjwzDB;M_K-Series Bar Joist-Rod Web:14K1:14K1:189586;;;2.757263420632626;-0.012480060724390485;M_K-Series Bar Joist-Rod Web:14K1:175829;True
1526;IfcBeam;0NwXg6Ayr9z88KpqSjwzFE;M_K-Series Bar Joist-Rod Web:14K1:14K1:189463;;;4.606334560376474;-0.011442997646543891;M_K-Series Bar Joist-Rod Web:14K1:175829;True
1527;IfcBeam;0NwXg6Ayr9z88KpqSjwzCR;M_K-Series Bar Joist-Rod Web:14K1:14K1:189634;;;2.7572634206325533;-0.01248006072419712;M_K-Series Bar Joist-Rod Web:14K1:175829;True
1528;IfcBeam;0NwXg6Ayr9z88KpqSjw_10;M_K-Series Bar Joist-Rod Web:14K1:14K1:186265;;;5.28996710104589;-0.033617674332168175;M_K-Series Bar Joist-Rod Web:14K1:175829;True
1529;IfcBeam;1LjG5joarCGOsly5yT5ge3;M_K-Series Bar Joist-Rod Web:14K1:14K1:189953;;;4.606334560376466;-0.011442997646625786;M_K-Series Bar Joist-Rod Web:14K1:175829;True
1530;IfcBeam;2lH_RQeBDBG8rH6PWO_615;M_K-Series Bar Joist-Rod Web:14K1:14K1:219946;;;4.8425610243934445;-0.030012722361308294;M_K-Series Bar Joist-Rod Web:14K1:175829;True
1531;IfcBeam;0NwXg6Ayr9z88KpqSjwzDF;M_K-Series Bar Joist-Rod Web:14K1:14K1:189590;;;2.757263420632711;-0.012480060724393257;M_K-Series Bar Joist-Rod Web:14K1:175829;True
1532;IfcBeam;2lH_RQeBDBG8rH6PWO_63F;M_K-Series Bar Joist-Rod Web:14K1:14K1:220064;;;4.842561024393377;-0.030012722361457148;M_K-Series Bar Joist-Rod Web:14K1:175829;True
1533;IfcBeam;0NwXg6Ayr9z88KpqSjw_1Z;M_K-Series Bar Joist-Rod Web:14K1:14K1:186298;;;5.289967101046025;-0.03361767433144869;M_K-Series Bar Joist-Rod Web:14K1:175829;True
1534;IfcBeam;0NwXg6Ayr9z88KpqSjwzRB;M_K-Series Bar Joist-Rod Web:14K1:14K1:188690;;;3.6870109468335235;-0.02055097428437028;M_K-Series Bar Joist-Rod Web:14K1:175829;True
1535;IfcBeam;0NwXg6Ayr9z88KpqSjwzQF;M_K-Series Bar Joist-Rod Web:14K1:14K1:188758;;;4.60633456037645;-0.02736462668788902;M_K-Series Bar Joist-Rod Web:14K1:175829;True
1536;IfcBeam;2lH_RQeBDBG8rH6PWO_609;M_K-Series Bar Joist-Rod Web:14K1:14K1:220006;;;4.842561024393492;-0.03001272236121649;M_K-Series Bar Joist-Rod Web:14K1:175829;True
1537;IfcBeam;1LjG5joarCGOsly5yT5geD;M_K-Series Bar Joist-Rod Web:14K1:14K1:189967;;;4.606334560376505;-0.011442997646383155;M_K-Series Bar Joist-Rod Web:14K1:175829;True
1538;IfcBeam;2Uhw1he2z3UO$DBmBugLv0;M_K-Series Bar Joist-Rod Web:14K1:14K1:190265;;;4.606334560376507;-0.011442997646329061;M_K-Series Bar Joist-Rod Web:14K1:175829;True
1539;IfcBeam;0NwXg6Ayr9z88KpqSjw_E5;M_K-Series Bar Joist-Rod Web:14K1:14K1:185436;;;5.289967101046125;-0.03361767433019077;M_K-Series Bar Joist-Rod Web:14K1:175829;True
1540;IfcBeam;0NwXg6Ayr9z88KpqSjwzCA;M_K-Series Bar Joist-Rod Web:14K1:14K1:189651;;;5.289967101045536;-0.033617674331348095;M_K-Series Bar Joist-Rod Web:14K1:175829;True
1541;IfcBeam;0NwXg6Ayr9z88KpqSjw_AZ;M_K-Series Bar Joist-Rod Web:14K1:14K1:185722;;;5.289967101045666;-0.03361767433118719;M_K-Series Bar Joist-Rod Web:14K1:175829;True
1542;IfcBeam;0NwXg6Ayr9z88KpqSjwzD$;M_K-Series Bar Joist-Rod Web:14K1:14K1:189606;;;2.7572634206326256;-0.01248006072442326;M_K-Series Bar Joist-Rod Web:14K1:175829;True
1543;IfcBeam;2lH_RQeBDBG8rH6PWO_60x;M_K-Series Bar Joist-Rod Web:14K1:14K1:219988;;;4.84256102439349;-0.030012722361286385;M_K-Series Bar Joist-Rod Web:14K1:175829;True
1544;IfcBeam;2lH_RQeBDBG8rH6PWO_63Z;M_K-Series Bar Joist-Rod Web:14K1:14K1:220044;;;4.842561024393487;-0.030012722361536348;M_K-Series Bar Joist-Rod Web:14K1:175829;True
1545;IfcBeam;0NwXg6Ayr9z88KpqSjw_Ak;M_K-Series Bar Joist-Rod Web:14K1:14K1:185719;;;5.289967101045664;-0.033617674330941115;M_K-Series Bar Joist-Rod Web:14K1:175829;True
1546;IfcBeam;0NwXg6Ayr9z88KpqSjw_1l;M_K-Series Bar Joist-Rod Web:14K1:14K1:186294;;;5.289967101045646;-0.03361767433066399;M_K-Series Bar Joist-Rod Web:14K1:175829;True
1547;IfcBeam;0NwXg6Ayr9z88KpqSjw_3H;M_K-Series Bar Joist-Rod Web:14K1:14K1:186120;;;5.2899671010454465;-0.03361767432997266;M_K-Series Bar Joist-Rod Web:14K1:175829;True
1548;IfcBeam;0NwXg6Ayr9z88KpqSjw_Er;M_K-Series Bar Joist-Rod Web:14K1:14K1:185452;;;4.606334560376695;-0.02736462668800321;M_K-Series Bar Joist-Rod Web:14K1:175829;True
1549;IfcBeam;0NwXg6Ayr9z88KpqSjwzCV;M_K-Series Bar Joist-Rod Web:14K1:14K1:189638;;;2.7572634206325404;-0.012480060724208118;M_K-Series Bar Joist-Rod Web:14K1:175829;True
1550;IfcBeam;0NwXg6Ayr9z88KpqSjw_1J;M_K-Series Bar Joist-Rod Web:14K1:14K1:186250;;;3.505001956847777;-0.018116050958732713;M_K-Series Bar Joist-Rod Web:14K1:175829;True
1551;IfcBeam;0NwXg6Ayr9z88KpqSjw_DC;M_K-Series Bar Joist-Rod Web:14K1:14K1:185493;;;5.435586908486047;0.05241134636248625;M_K-Series Bar Joist-Rod Web:14K1:175829;True
1552;IfcBeam;0NwXg6Ayr9z88KpqSjw_6$;M_K-Series Bar Joist-Rod Web:14K1:14K1:185958;;;5.289425998567426;-0.03361511811020044;M_K-Series Bar Joist-Rod Web:14K1:175829;True
1553;IfcBeam;1LjG5joarCGOsly5yT5gaY;M_K-Series Bar Joist-Rod Web:14K1:14K1:189728;;;2.7572634206326185;-0.012480060724376794;M_K-Series Bar Joist-Rod Web:14K1:175829;True
1554;IfcBeam;0NwXg6Ayr9z88KpqSjw_9G;M_K-Series Bar Joist-Rod Web:14K1:14K1:185737;;;5.435586908485446;-0.06965347778290068;M_K-Series Bar Joist-Rod Web:14K1:175829;True
1555;IfcBeam;0NwXg6Ayr9z88KpqSjw_Bi;M_K-Series Bar Joist-Rod Web:14K1:14K1:185653;;;2.7572634206326176;-0.012480060724445187;M_K-Series Bar Joist-Rod Web:14K1:175829;True
1556;IfcBeam;0NwXg6Ayr9z88KpqSjw_1k;M_K-Series Bar Joist-Rod Web:14K1:14K1:186295;;;5.289967101045554;-0.03361767433147717;M_K-Series Bar Joist-Rod Web:14K1:175829;True
1557;IfcBeam;0NwXg6Ayr9z88KpqSjw_3z;M_K-Series Bar Joist-Rod Web:14K1:14K1:186148;;;3.1751702770261425;-0.015297725145358498;M_K-Series Bar Joist-Rod Web:14K1:175829;True
1558;IfcBeam;0NwXg6Ayr9z88KpqSjw_1o;M_K-Series Bar Joist-Rod Web:14K1:14K1:186283;;;3.5050019568480417;-0.018116050958672695;M_K-Series Bar Joist-Rod Web:14K1:175829;True
1559;IfcBeam;0NwXg6Ayr9z88KpqSjwzC1;M_K-Series Bar Joist-Rod Web:14K1:14K1:189656;;;5.289967101045902;-0.033617674330268826;M_K-Series Bar Joist-Rod Web:14K1:175829;True
1560;IfcBeam;0NwXg6Ayr9z88KpqSjwzF2;M_K-Series Bar Joist-Rod Web:14K1:14K1:189467;;;4.606334560376595;-0.011442997646268436;M_K-Series Bar Joist-Rod Web:14K1:175829;True
1561;IfcBeam;0NwXg6Ayr9z88KpqSjwzGQ;M_K-Series Bar Joist-Rod Web:14K1:14K1:189379;;;3.505001956848045;-0.01811605095864374;M_K-Series Bar Joist-Rod Web:14K1:175829;True
1562;IfcBeam;0NwXg6Ayr9z88KpqSjwzCk;M_K-Series Bar Joist-Rod Web:14K1:14K1:189687;;;5.289425998567567;-0.033615118109565884;M_K-Series Bar Joist-Rod Web:14K1:175829;True
1563;IfcBeam;2lH_RQeBDBG8rH6PWO_60y;M_K-Series Bar Joist-Rod Web:14K1:14K1:219987;;;4.84256102439331;-0.030012722361801702;M_K-Series Bar Joist-Rod Web:14K1:175829;True
1564;IfcBeam;2lH_RQeBDBG8rH6PWO_63$;M_K-Series Bar Joist-Rod Web:14K1:14K1:220048;;;4.842561024393442;-0.030012722361513387;M_K-Series Bar Joist-Rod Web:14K1:175829;True
1565;IfcBeam;0NwXg6Ayr9z88KpqSjw_9K;M_K-Series Bar Joist-Rod Web:14K1:14K1:185741;;;5.435586908485442;-0.06965347778372194;M_K-Series Bar Joist-Rod Web:14K1:175829;True
1566;IfcBeam;0NwXg6Ayr9z88KpqSjw_1F;M_K-Series Bar Joist-Rod Web:14K1:14K1:186262;;;5.28996710104589;-0.033617674330880476;M_K-Series Bar Joist-Rod Web:14K1:175829;True
1567;IfcBeam;0NwXg6Ayr9z88KpqSjw_97;M_K-Series Bar Joist-Rod Web:14K1:14K1:185758;;;5.435586908485364;-0.06965347778362162;M_K-Series Bar Joist-Rod Web:14K1:175829;True
1568;IfcBeam;0NwXg6Ayr9z88KpqSjw_3D;M_K-Series Bar Joist-Rod Web:14K1:14K1:186132;;;2.7572634206326216;-0.01248006072405843;M_K-Series Bar Joist-Rod Web:14K1:175829;True
1569;IfcBeam;0NwXg6Ayr9z88KpqSjw_CP;M_K-Series Bar Joist-Rod Web:14K1:14K1:185536;;;5.43558690848604;0.052411346363695786;M_K-Series Bar Joist-Rod Web:14K1:175829;True
1570;IfcBeam;2Uhw1he2z3UO$DBmBugLv1;M_K-Series Bar Joist-Rod Web:14K1:14K1:190264;;;4.60633456037651;-0.011442997646307972;M_K-Series Bar Joist-Rod Web:14K1:175829;True
1571;IfcBeam;0NwXg6Ayr9z88KpqSjw_6K;M_K-Series Bar Joist-Rod Web:14K1:14K1:185933;;;5.28996710104551;-0.03361767433031937;M_K-Series Bar Joist-Rod Web:14K1:175829;True
1572;IfcBeam;0NwXg6Ayr9z88KpqSjwzCX;M_K-Series Bar Joist-Rod Web:14K1:14K1:189688;;;5.289425998567847;-0.033615118108852586;M_K-Series Bar Joist-Rod Web:14K1:175829;True
1573;IfcBeam;0NwXg6Ayr9z88KpqSjw_3A;M_K-Series Bar Joist-Rod Web:14K1:14K1:186131;;;2.757263420632622;-0.012480060724385162;M_K-Series Bar Joist-Rod Web:14K1:175829;True
1574;IfcBeam;1LjG5joarCGOsly5yT5ge2;M_K-Series Bar Joist-Rod Web:14K1:14K1:189952;;;4.606334560376466;-0.011442997646764626;M_K-Series Bar Joist-Rod Web:14K1:175829;True
1575;IfcBeam;1LjG5joarCGOsly5yT5gaZ;M_K-Series Bar Joist-Rod Web:14K1:14K1:189729;;;2.7572634206326185;-0.012480060724269073;M_K-Series Bar Joist-Rod Web:14K1:175829;True
1576;IfcBeam;0NwXg6Ayr9z88KpqSjwzHC;M_K-Series Bar Joist-Rod Web:14K1:14K1:189333;;;5.289967101046133;-0.03361767433053999;M_K-Series Bar Joist-Rod Web:14K1:175829;True
1577;IfcBeam;0NwXg6Ayr9z88KpqSjw_6_;M_K-Series Bar Joist-Rod Web:14K1:14K1:185959;;;5.289425998567435;-0.03361511811037047;M_K-Series Bar Joist-Rod Web:14K1:175829;True
1578;IfcBeam;0NwXg6Ayr9z88KpqSjwzGV;M_K-Series Bar Joist-Rod Web:14K1:14K1:189382;;;3.5050019568480306;-0.018116050959297587;M_K-Series Bar Joist-Rod Web:14K1:175829;True
1579;IfcBeam;0NwXg6Ayr9z88KpqSjwzQE;M_K-Series Bar Joist-Rod Web:14K1:14K1:188759;;;4.606334560376448;-0.027364626687902075;M_K-Series Bar Joist-Rod Web:14K1:175829;True
1580;IfcBeam;0NwXg6Ayr9z88KpqSjwzCn;M_K-Series Bar Joist-Rod Web:14K1:14K1:189672;;;3.505001956848;-0.018116050959194132;M_K-Series Bar Joist-Rod Web:14K1:175829;True
1581;IfcBeam;0NwXg6Ayr9z88KpqSjw_FC;M_K-Series Bar Joist-Rod Web:14K1:14K1:185365;;;2.7572634206327886;-0.012480060724357415;M_K-Series Bar Joist-Rod Web:14K1:175829;True
1582;IfcBeam;0NwXg6Ayr9z88KpqSjwzF3;M_K-Series Bar Joist-Rod Web:14K1:14K1:189466;;;4.606334560376595;-0.011442997645953495;M_K-Series Bar Joist-Rod Web:14K1:175829;True
1583;IfcBeam;0NwXg6Ayr9z88KpqSjwzCp;M_K-Series Bar Joist-Rod Web:14K1:14K1:189674;;;3.5050019568476856;-0.01811605095868201;M_K-Series Bar Joist-Rod Web:14K1:175829;True
1584;IfcBeam;0NwXg6Ayr9z88KpqSjw_Bz;M_K-Series Bar Joist-Rod Web:14K1:14K1:185636;;;5.289967101046133;-0.033617674330402574;M_K-Series Bar Joist-Rod Web:14K1:175829;True
1585;IfcBeam;0NwXg6Ayr9z88KpqSjwzCC;M_K-Series Bar Joist-Rod Web:14K1:14K1:189653;;;5.289967101045709;-0.03361767433033932;M_K-Series Bar Joist-Rod Web:14K1:175829;True
1586;IfcBeam;0NwXg6Ayr9z88KpqSjw_9o;M_K-Series Bar Joist-Rod Web:14K1:14K1:185771;;;5.435586908485368;0.052411346363918525;M_K-Series Bar Joist-Rod Web:14K1:175829;True
1587;IfcBeam;0NwXg6Ayr9z88KpqSjwzIa;M_K-Series Bar Joist-Rod Web:14K1:14K1:189309;;;2.757263420632792;-0.012480060724011737;M_K-Series Bar Joist-Rod Web:14K1:175829;True
1588;IfcBeam;0NwXg6Ayr9z88KpqSjw_AQ;M_K-Series Bar Joist-Rod Web:14K1:14K1:185667;;;4.606334560376625;-0.027364626687983028;M_K-Series Bar Joist-Rod Web:14K1:175829;True
1589;IfcBeam;0NwXg6Ayr9z88KpqSjw_4u;M_K-Series Bar Joist-Rod Web:14K1:14K1:186081;;;5.289967101045479;-0.03361767433124289;M_K-Series Bar Joist-Rod Web:14K1:175829;True
1590;IfcBeam;0NwXg6Ayr9z88KpqSjw_1p;M_K-Series Bar Joist-Rod Web:14K1:14K1:186282;;;3.5050019568476944;-0.018116050958746976;M_K-Series Bar Joist-Rod Web:14K1:175829;True
1591;IfcBeam;0NwXg6Ayr9z88KpqSjw_11;M_K-Series Bar Joist-Rod Web:14K1:14K1:186264;;;5.289967101045886;-0.03361767433127445;M_K-Series Bar Joist-Rod Web:14K1:175829;True
1592;IfcBeam;0NwXg6Ayr9z88KpqSjw_AV;M_K-Series Bar Joist-Rod Web:14K1:14K1:185670;;;4.606334560376626;-0.027364626689138014;M_K-Series Bar Joist-Rod Web:14K1:175829;True
1593;IfcBeam;0NwXg6Ayr9z88KpqSjwzPS;M_K-Series Bar Joist-Rod Web:14K1:14K1:188805;;;2.9829963702774562;-0.01495593288513305;M_K-Series Bar Joist-Rod Web:14K1:175829;True
1594;IfcBeam;2lH_RQeBDBG8rH6PWO_610;M_K-Series Bar Joist-Rod Web:14K1:14K1:219951;;;4.84256102439356;-0.030012722360721205;M_K-Series Bar Joist-Rod Web:14K1:175829;True
1595;IfcBeam;0NwXg6Ayr9z88KpqSjwzRj;M_K-Series Bar Joist-Rod Web:14K1:14K1:188724;;;1.364918915137364;-0.0065461299581107135;M_K-Series Bar Joist-Rod Web:14K1:175829;True
1596;IfcBeam;0NwXg6Ayr9z88KpqSjwzPV;M_K-Series Bar Joist-Rod Web:14K1:14K1:188806;;;2.9829963702774567;-0.014955932885079253;M_K-Series Bar Joist-Rod Web:14K1:175829;True
1597;IfcBeam;0NwXg6Ayr9z88KpqSjwzPA;M_K-Series Bar Joist-Rod Web:14K1:14K1:188819;;;4.60633456037645;-0.027364626688456625;M_K-Series Bar Joist-Rod Web:14K1:175829;True
1598;IfcBeam;0NwXg6Ayr9z88KpqSjw_B7;M_K-Series Bar Joist-Rod Web:14K1:14K1:185630;;;5.289967101045651;-0.03361767433066852;M_K-Series Bar Joist-Rod Web:14K1:175829;True
1599;IfcBeam;2lH_RQeBDBG8rH6PWO_60D;M_K-Series Bar Joist-Rod Web:14K1:14K1:220002;;;4.8425610243934765;-0.0300127223615147;M_K-Series Bar Joist-Rod Web:14K1:175829;True
1600;IfcBeam;0NwXg6Ayr9z88KpqSjwzHD;M_K-Series Bar Joist-Rod Web:14K1:14K1:189332;;;5.289967101046133;-0.033617674329639496;M_K-Series Bar Joist-Rod Web:14K1:175829;True
1601;IfcBeam;0NwXg6Ayr9z88KpqSjw_1n;M_K-Series Bar Joist-Rod Web:14K1:14K1:186280;;;3.5050019568476904;-0.018116050959326946;M_K-Series Bar Joist-Rod Web:14K1:175829;True
1602;IfcBeam;0NwXg6Ayr9z88KpqSjw_BV;M_K-Series Bar Joist-Rod Web:14K1:14K1:185606;;;3.175170277026194;-0.015297725145618554;M_K-Series Bar Joist-Rod Web:14K1:175829;True
1603;IfcBeam;0NwXg6Ayr9z88KpqSjw_6w;M_K-Series Bar Joist-Rod Web:14K1:14K1:185955;;;5.2894259985674;-0.033615118110183834;M_K-Series Bar Joist-Rod Web:14K1:175829;True
1604;IfcBeam;1LjG5joarCGOsly5yT5geH;M_K-Series Bar Joist-Rod Web:14K1:14K1:189971;;;4.606334560376498;-0.011442997646283858;M_K-Series Bar Joist-Rod Web:14K1:175829;True
1605;IfcBeam;0NwXg6Ayr9z88KpqSjw_An;M_K-Series Bar Joist-Rod Web:14K1:14K1:185704;;;4.6063345603766;-0.027364626688883138;M_K-Series Bar Joist-Rod Web:14K1:175829;True
1606;IfcBeam;0NwXg6Ayr9z88KpqSjwzBH;M_K-Series Bar Joist-Rod Web:14K1:14K1:189704;;;5.289425998567807;-0.0336151181099246;M_K-Series Bar Joist-Rod Web:14K1:175829;True
1607;IfcBeam;0NwXg6Ayr9z88KpqSjw_Ap;M_K-Series Bar Joist-Rod Web:14K1:14K1:185706;;;4.6063345603766;-0.027364626687947233;M_K-Series Bar Joist-Rod Web:14K1:175829;True
1608;IfcBeam;0NwXg6Ayr9z88KpqSjwzGX;M_K-Series Bar Joist-Rod Web:14K1:14K1:189432;;;4.606334560376592;-0.011442997646594436;M_K-Series Bar Joist-Rod Web:14K1:175829;True
1609;IfcBeam;0NwXg6Ayr9z88KpqSjwzIc;M_K-Series Bar Joist-Rod Web:14K1:14K1:189311;;;2.757263420632794;-0.012480060724565019;M_K-Series Bar Joist-Rod Web:14K1:175829;True
1610;IfcBeam;0NwXg6Ayr9z88KpqSjwzDz;M_K-Series Bar Joist-Rod Web:14K1:14K1:189604;;;2.757263420632624;-0.012480060724102007;M_K-Series Bar Joist-Rod Web:14K1:175829;True
1611;IfcBeam;0NwXg6Ayr9z88KpqSjwzGS;M_K-Series Bar Joist-Rod Web:14K1:14K1:189381;;;3.505001956848034;-0.01811605095887558;M_K-Series Bar Joist-Rod Web:14K1:175829;True
1612;IfcBeam;0NwXg6Ayr9z88KpqSjw_1S;M_K-Series Bar Joist-Rod Web:14K1:14K1:186245;;;3.505001956847774;-0.018116050958532495;M_K-Series Bar Joist-Rod Web:14K1:175829;True
1613;IfcBeam;0NwXg6Ayr9z88KpqSjwzCE;M_K-Series Bar Joist-Rod Web:14K1:14K1:189655;;;5.289967101045899;-0.0336176743309503;M_K-Series Bar Joist-Rod Web:14K1:175829;True
1614;IfcBeam;2lH_RQeBDBG8rH6PWO_63X;M_K-Series Bar Joist-Rod Web:14K1:14K1:220046;;;4.842561024393448;-0.030012722361496453;M_K-Series Bar Joist-Rod Web:14K1:175829;True
1615;IfcBeam;0NwXg6Ayr9z88KpqSjw_6u;M_K-Series Bar Joist-Rod Web:14K1:14K1:185953;;;5.289425998567408;-0.03361511811017201;M_K-Series Bar Joist-Rod Web:14K1:175829;True
1616;IfcBeam;0NwXg6Ayr9z88KpqSjw_BQ;M_K-Series Bar Joist-Rod Web:14K1:14K1:185603;;;3.175170277026195;-0.015297725145026265;M_K-Series Bar Joist-Rod Web:14K1:175829;True
1617;IfcBeam;0NwXg6Ayr9z88KpqSjw_6x;M_K-Series Bar Joist-Rod Web:14K1:14K1:185954;;;5.289425998567417;-0.033615118110210125;M_K-Series Bar Joist-Rod Web:14K1:175829;True
1618;IfcBeam;0NwXg6Ayr9z88KpqSjw_1W;M_K-Series Bar Joist-Rod Web:14K1:14K1:186297;;;5.2899671010460265;-0.033617674332161715;M_K-Series Bar Joist-Rod Web:14K1:175829;True
1619;IfcBeam;0NwXg6Ayr9z88KpqSjw_W$;M_K-Series Bar Joist-Rod Web:14K1:14K1:188390;;;3.940468200757894;-0.0213222679766668;M_K-Series Bar Joist-Rod Web:14K1:175829;True
1620;IfcBeam;0NwXg6Ayr9z88KpqSjwzH1;M_K-Series Bar Joist-Rod Web:14K1:14K1:189336;;;5.289967101046131;-0.03361767433152133;M_K-Series Bar Joist-Rod Web:14K1:175829;True
1621;IfcBeam;0NwXg6Ayr9z88KpqSjwzCm;M_K-Series Bar Joist-Rod Web:14K1:14K1:189673;;;3.5050019568479955;-0.01811605095897495;M_K-Series Bar Joist-Rod Web:14K1:175829;True
1622;IfcBeam;0NwXg6Ayr9z88KpqSjw_3F;M_K-Series Bar Joist-Rod Web:14K1:14K1:186134;;;2.7572634206326234;-0.012480060724384576;M_K-Series Bar Joist-Rod Web:14K1:175829;True
1623;IfcBeam;0NwXg6Ayr9z88KpqSjwzPC;M_K-Series Bar Joist-Rod Web:14K1:14K1:188821;;;4.6063345603765455;-0.0273646266882891;M_K-Series Bar Joist-Rod Web:14K1:175829;True
1624;IfcBeam;0NwXg6Ayr9z88KpqSjw_6M;M_K-Series Bar Joist-Rod Web:14K1:14K1:185935;;;5.289967101045758;-0.033617674330224355;M_K-Series Bar Joist-Rod Web:14K1:175829;True
1625;IfcBeam;2lH_RQeBDBG8rH6PWO_613;M_K-Series Bar Joist-Rod Web:14K1:14K1:219948;;;4.842561024393441;-0.030012722362332135;M_K-Series Bar Joist-Rod Web:14K1:175829;True
1626;IfcBeam;2lH_RQeBDBG8rH6PWO_60w;M_K-Series Bar Joist-Rod Web:14K1:14K1:219989;;;4.842561024393312;-0.030012722361063237;M_K-Series Bar Joist-Rod Web:14K1:175829;True
1627;IfcBeam;0NwXg6Ayr9z88KpqSjw_3_;M_K-Series Bar Joist-Rod Web:14K1:14K1:186151;;;3.175170277026136;-0.01529772514545225;M_K-Series Bar Joist-Rod Web:14K1:175829;True
1628;IfcBeam;0NwXg6Ayr9z88KpqSjw_93;M_K-Series Bar Joist-Rod Web:14K1:14K1:185754;;;5.435586908485364;-0.06965347778312359;M_K-Series Bar Joist-Rod Web:14K1:175829;True
1629;IfcBeam;0NwXg6Ayr9z88KpqSjw_5v;M_K-Series Bar Joist-Rod Web:14K1:14K1:186016;;;5.2899671010455025;-0.03361767433077024;M_K-Series Bar Joist-Rod Web:14K1:175829;True
1630;IfcBeam;0NwXg6Ayr9z88KpqSjwzId;M_K-Series Bar Joist-Rod Web:14K1:14K1:189310;;;2.75726342063279;-0.01248006072432428;M_K-Series Bar Joist-Rod Web:14K1:175829;True
1631;IfcBeam;0NwXg6Ayr9z88KpqSjwzQ1;M_K-Series Bar Joist-Rod Web:14K1:14K1:188760;;;4.606334560376449;-0.027364626687989505;M_K-Series Bar Joist-Rod Web:14K1:175829;True
1632;IfcBeam;0NwXg6Ayr9z88KpqSjw_C$;M_K-Series Bar Joist-Rod Web:14K1:14K1:185574;;;5.28996710104613;-0.03361767433162772;M_K-Series Bar Joist-Rod Web:14K1:175829;True
1633;IfcBeam;0NwXg6Ayr9z88KpqSjw_4D;M_K-Series Bar Joist-Rod Web:14K1:14K1:186068;;;2.7572634206326203;-0.012480060724047627;M_K-Series Bar Joist-Rod Web:14K1:175829;True
1634;IfcBeam;0NwXg6Ayr9z88KpqSjwzGT;M_K-Series Bar Joist-Rod Web:14K1:14K1:189380;;;3.505001956848031;-0.018116050958862668;M_K-Series Bar Joist-Rod Web:14K1:175829;True
1635;IfcBeam;0NwXg6Ayr9z88KpqSjwzDA;M_K-Series Bar Joist-Rod Web:14K1:14K1:189587;;;2.757263420632621;-0.012480060724064015;M_K-Series Bar Joist-Rod Web:14K1:175829;True
1636;IfcBeam;0NwXg6Ayr9z88KpqSjw_Bh;M_K-Series Bar Joist-Rod Web:14K1:14K1:185650;;;2.757263420632737;-0.012480060724393373;M_K-Series Bar Joist-Rod Web:14K1:175829;True
1637;IfcBeam;0NwXg6Ayr9z88KpqSjw_57;M_K-Series Bar Joist-Rod Web:14K1:14K1:186014;;;5.2899671010456135;-0.03361767433098317;M_K-Series Bar Joist-Rod Web:14K1:175829;True
1638;IfcBeam;0NwXg6Ayr9z88KpqSjwzCW;M_K-Series Bar Joist-Rod Web:14K1:14K1:189689;;;5.289425998567844;-0.033615118110190446;M_K-Series Bar Joist-Rod Web:14K1:175829;True
1639;IfcBeam;0NwXg6Ayr9z88KpqSjw_AW;M_K-Series Bar Joist-Rod Web:14K1:14K1:185721;;;5.289967101045666;-0.03361767433178193;M_K-Series Bar Joist-Rod Web:14K1:175829;True
1640;IfcBeam;0NwXg6Ayr9z88KpqSjw_6z;M_K-Series Bar Joist-Rod Web:14K1:14K1:185956;;;5.289425998567397;-0.03361511811017691;M_K-Series Bar Joist-Rod Web:14K1:175829;True
1641;IfcBeam;0NwXg6Ayr9z88KpqSjw_90;M_K-Series Bar Joist-Rod Web:14K1:14K1:185753;;;5.4355869084853605;-0.06965347778367312;M_K-Series Bar Joist-Rod Web:14K1:175829;True
1642;IfcBeam;0NwXg6Ayr9z88KpqSjw_AU;M_K-Series Bar Joist-Rod Web:14K1:14K1:185671;;;4.6063345603762;-0.027364626688715137;M_K-Series Bar Joist-Rod Web:14K1:175829;True
1643;IfcBeam;0NwXg6Ayr9z88KpqSjwzHF;M_K-Series Bar Joist-Rod Web:14K1:14K1:189334;;;5.289967101046131;-0.03361767433097777;M_K-Series Bar Joist-Rod Web:14K1:175829;True
1644;IfcBeam;2lH_RQeBDBG8rH6PWO_614;M_K-Series Bar Joist-Rod Web:14K1:14K1:219947;;;4.842561024393446;-0.030012722361090816;M_K-Series Bar Joist-Rod Web:14K1:175829;True
1645;IfcBeam;0NwXg6Ayr9z88KpqSjwzPD;M_K-Series Bar Joist-Rod Web:14K1:14K1:188820;;;4.606334560376509;-0.027364626688318957;M_K-Series Bar Joist-Rod Web:14K1:175829;True
1646;IfcBeam;2lH_RQeBDBG8rH6PWO_616;M_K-Series Bar Joist-Rod Web:14K1:14K1:219945;;;4.8425610243934525;-0.030012722361706257;M_K-Series Bar Joist-Rod Web:14K1:175829;True
1647;IfcBeam;0NwXg6Ayr9z88KpqSjw_1C;M_K-Series Bar Joist-Rod Web:14K1:14K1:186261;;;5.2899671010460905;-0.03361767433027288;M_K-Series Bar Joist-Rod Web:14K1:175829;True
1648;IfcBeam;0NwXg6Ayr9z88KpqSjw_3p;M_K-Series Bar Joist-Rod Web:14K1:14K1:186154;;;3.175170277026159;-0.015297725144923285;M_K-Series Bar Joist-Rod Web:14K1:175829;True
1649;IfcBeam;0NwXg6Ayr9z88KpqSjw_3m;M_K-Series Bar Joist-Rod Web:14K1:14K1:186153;;;3.175170277026136;-0.015297725145056585;M_K-Series Bar Joist-Rod Web:14K1:175829;True
1650;IfcBeam;0NwXg6Ayr9z88KpqSjwzCl;M_K-Series Bar Joist-Rod Web:14K1:14K1:189686;;;5.289425998567847;-0.03361511811035333;M_K-Series Bar Joist-Rod Web:14K1:175829;True
1651;IfcBeam;0NwXg6Ayr9z88KpqSjw_1b;M_K-Series Bar Joist-Rod Web:14K1:14K1:186300;;;5.2899671010461216;-0.03361767433035808;M_K-Series Bar Joist-Rod Web:14K1:175829;True
1652;IfcBeam;0NwXg6Ayr9z88KpqSjwzCi;M_K-Series Bar Joist-Rod Web:14K1:14K1:189685;;;5.2894259985678085;-0.03361511811065746;M_K-Series Bar Joist-Rod Web:14K1:175829;True
1653;IfcBeam;0NwXg6Ayr9z88KpqSjwzDy;M_K-Series Bar Joist-Rod Web:14K1:14K1:189605;;;2.7572634206326256;-0.012480060724043972;M_K-Series Bar Joist-Rod Web:14K1:175829;True
1654;IfcBeam;0NwXg6Ayr9z88KpqSjw_Cz;M_K-Series Bar Joist-Rod Web:14K1:14K1:185572;;;5.289967101046128;-0.03361767433108423;M_K-Series Bar Joist-Rod Web:14K1:175829;True
1655;IfcBeam;0NwXg6Ayr9z88KpqSjw_FD;M_K-Series Bar Joist-Rod Web:14K1:14K1:185364;;;2.7572634206327886;-0.01248006072405795;M_K-Series Bar Joist-Rod Web:14K1:175829;True
1656;IfcBeam;2lH_RQeBDBG8rH6PWO_612;M_K-Series Bar Joist-Rod Web:14K1:14K1:219949;;;4.842561024393441;-0.030012722361850847;M_K-Series Bar Joist-Rod Web:14K1:175829;True
1657;IfcBeam;0NwXg6Ayr9z88KpqSjw_3V;M_K-Series Bar Joist-Rod Web:14K1:14K1:186118;;;5.289967101045479;-0.03361767433118436;M_K-Series Bar Joist-Rod Web:14K1:175829;True
1658;IfcBeam;0NwXg6Ayr9z88KpqSjwzPU;M_K-Series Bar Joist-Rod Web:14K1:14K1:188807;;;2.982996370277516;-0.01495593288507959;M_K-Series Bar Joist-Rod Web:14K1:175829;True
1659;IfcBeam;0NwXg6Ayr9z88KpqSjw_AX;M_K-Series Bar Joist-Rod Web:14K1:14K1:185720;;;5.289967101045666;-0.033617674330512354;M_K-Series Bar Joist-Rod Web:14K1:175829;True
1660;IfcBeam;0NwXg6Ayr9z88KpqSjw_Ay;M_K-Series Bar Joist-Rod Web:14K1:14K1:185701;;;4.606334560376599;-0.027364626688371498;M_K-Series Bar Joist-Rod Web:14K1:175829;True
1661;IfcBeam;0NwXg6Ayr9z88KpqSjwzD_;M_K-Series Bar Joist-Rod Web:14K1:14K1:189607;;;2.757263420632716;-0.012480060724153618;M_K-Series Bar Joist-Rod Web:14K1:175829;True
1662;IfcBeam;2lH_RQeBDBG8rH6PWO_60z;M_K-Series Bar Joist-Rod Web:14K1:14K1:219986;;;4.842561024393319;-0.0300127223619538;M_K-Series Bar Joist-Rod Web:14K1:175829;True
1663;IfcBeam;0NwXg6Ayr9z88KpqSjw_3y;M_K-Series Bar Joist-Rod Web:14K1:14K1:186149;;;3.175170277026136;-0.015297725145017205;M_K-Series Bar Joist-Rod Web:14K1:175829;True
1664;IfcBeam;0NwXg6Ayr9z88KpqSjw_3T;M_K-Series Bar Joist-Rod Web:14K1:14K1:186116;;;5.289967101045663;-0.03361767433052736;M_K-Series Bar Joist-Rod Web:14K1:175829;True
1665;IfcBeam;0NwXg6Ayr9z88KpqSjw_4B;M_K-Series Bar Joist-Rod Web:14K1:14K1:186066;;;2.75726342063262;-0.01248006072441621;M_K-Series Bar Joist-Rod Web:14K1:175829;True
1666;IfcBeam;0NwXg6Ayr9z88KpqSjw_A_;M_K-Series Bar Joist-Rod Web:14K1:14K1:185703;;;4.606334560376599;-0.02736462668778419;M_K-Series Bar Joist-Rod Web:14K1:175829;True
1667;IfcBeam;0NwXg6Ayr9z88KpqSjw_9p;M_K-Series Bar Joist-Rod Web:14K1:14K1:185770;;;5.435586908485653;0.05241134636282922;M_K-Series Bar Joist-Rod Web:14K1:175829;True
1668;IfcBeam;0NwXg6Ayr9z88KpqSjw_AD;M_K-Series Bar Joist-Rod Web:14K1:14K1:185684;;;4.606334560376595;-0.02736462668853536;M_K-Series Bar Joist-Rod Web:14K1:175829;True
1669;IfcBeam;0NwXg6Ayr9z88KpqSjw_92;M_K-Series Bar Joist-Rod Web:14K1:14K1:185755;;;5.435586908485364;-0.06965347778254846;M_K-Series Bar Joist-Rod Web:14K1:175829;True
1670;IfcBeam;0NwXg6Ayr9z88KpqSjw_Bg;M_K-Series Bar Joist-Rod Web:14K1:14K1:185651;;;2.757263420632734;-0.012480060724139352;M_K-Series Bar Joist-Rod Web:14K1:175829;True
1671;IfcBeam;1LjG5joarCGOsly5yT5ge0;M_K-Series Bar Joist-Rod Web:14K1:14K1:189954;;;4.606334560376461;-0.011442997646084028;M_K-Series Bar Joist-Rod Web:14K1:175829;True
1672;IfcBeam;0NwXg6Ayr9z88KpqSjwzMb;M_K-Series Bar Joist-Rod Web:14K1:14K1:189052;;;3.50500195684769;-0.018116050958690167;M_K-Series Bar Joist-Rod Web:14K1:175829;True
1673;IfcBeam;0NwXg6Ayr9z88KpqSjw_3Q;M_K-Series Bar Joist-Rod Web:14K1:14K1:186115;;;5.289967101045661;-0.03361767433095891;M_K-Series Bar Joist-Rod Web:14K1:175829;True
1674;IfcBeam;0NwXg6Ayr9z88KpqSjw_1X;M_K-Series Bar Joist-Rod Web:14K1:14K1:186296;;;5.28996710104593;-0.03361767433078228;M_K-Series Bar Joist-Rod Web:14K1:175829;True
1675;IfcBeam;0NwXg6Ayr9z88KpqSjw_31;M_K-Series Bar Joist-Rod Web:14K1:14K1:186136;;;2.7572634206326216;-0.012480060724053573;M_K-Series Bar Joist-Rod Web:14K1:175829;True
1676;IfcBeam;2lH_RQeBDBG8rH6PWO_60A;M_K-Series Bar Joist-Rod Web:14K1:14K1:220005;;;4.8425610243934285;-0.03001272236147941;M_K-Series Bar Joist-Rod Web:14K1:175829;True
1677;IfcBeam;0NwXg6Ayr9z88KpqSjw_Bj;M_K-Series Bar Joist-Rod Web:14K1:14K1:185652;;;2.757263420632734;-0.012480060724031872;M_K-Series Bar Joist-Rod Web:14K1:175829;True
1678;IfcBeam;0NwXg6Ayr9z88KpqSjw_7q;M_K-Series Bar Joist-Rod Web:14K1:14K1:185901;;;5.289967101045356;-0.03361767433131768;M_K-Series Bar Joist-Rod Web:14K1:175829;True
1679;IfcBeam;0NwXg6Ayr9z88KpqSjw_3C;M_K-Series Bar Joist-Rod Web:14K1:14K1:186133;;;2.75726342063262;-0.01248006072409765;M_K-Series Bar Joist-Rod Web:14K1:175829;True
1680;IfcBeam;0NwXg6Ayr9z88KpqSjw_AY;M_K-Series Bar Joist-Rod Web:14K1:14K1:185723;;;5.2899671010456695;-0.03361767433063711;M_K-Series Bar Joist-Rod Web:14K1:175829;True
1681;IfcBeam;0NwXg6Ayr9z88KpqSjwzDE;M_K-Series Bar Joist-Rod Web:14K1:14K1:189591;;;2.75726342063262;-0.012480060724058946;M_K-Series Bar Joist-Rod Web:14K1:175829;True
1682;IfcBeam;0NwXg6Ayr9z88KpqSjw_Cu;M_K-Series Bar Joist-Rod Web:14K1:14K1:185569;;;5.289967101046396;-0.033617674331411336;M_K-Series Bar Joist-Rod Web:14K1:175829;True
1683;IfcBeam;0NwXg6Ayr9z88KpqSjw_94;M_K-Series Bar Joist-Rod Web:14K1:14K1:185757;;;5.435586908485364;-0.06965347778340958;M_K-Series Bar Joist-Rod Web:14K1:175829;True
1684;IfcBeam;0NwXg6Ayr9z88KpqSjw_6L;M_K-Series Bar Joist-Rod Web:14K1:14K1:185932;;;5.289967101045605;-0.03361767433138875;M_K-Series Bar Joist-Rod Web:14K1:175829;True
1685;IfcBeam;0NwXg6Ayr9z88KpqSjw_7_;M_K-Series Bar Joist-Rod Web:14K1:14K1:185895;;;5.289967101045437;-0.03361767433096714;M_K-Series Bar Joist-Rod Web:14K1:175829;True
1686;IfcBeam;0NwXg6Ayr9z88KpqSjw_3n;M_K-Series Bar Joist-Rod Web:14K1:14K1:186152;;;3.175170277026136;-0.015297725145375304;M_K-Series Bar Joist-Rod Web:14K1:175829;True
1687;IfcBeam;0NwXg6Ayr9z88KpqSjw_6y;M_K-Series Bar Joist-Rod Web:14K1:14K1:185957;;;5.289425998567387;-0.03361511811014542;M_K-Series Bar Joist-Rod Web:14K1:175829;True
1688;IfcBeam;0NwXg6Ayr9z88KpqSjw_3$;M_K-Series Bar Joist-Rod Web:14K1:14K1:186150;;;3.175170277026136;-0.015297725145007827;M_K-Series Bar Joist-Rod Web:14K1:175829;True
1689;IfcBeam;0NwXg6Ayr9z88KpqSjw_Cj;M_K-Series Bar Joist-Rod Web:14K1:14K1:185588;;;2.7572634206327886;-0.012480060723996458;M_K-Series Bar Joist-Rod Web:14K1:175829;True
1690;IfcBeam;0NwXg6Ayr9z88KpqSjw_BX;M_K-Series Bar Joist-Rod Web:14K1:14K1:185656;;;2.757263420632789;-0.012480060724088195;M_K-Series Bar Joist-Rod Web:14K1:175829;True
1691;IfcBeam;0NwXg6Ayr9z88KpqSjw_4x;M_K-Series Bar Joist-Rod Web:14K1:14K1:186082;;;5.289967101045474;-0.033617674331375545;M_K-Series Bar Joist-Rod Web:14K1:175829;True
1692;IfcBeam;0NwXg6Ayr9z88KpqSjw_BS;M_K-Series Bar Joist-Rod Web:14K1:14K1:185605;;;3.175170277026529;-0.01529772514512708;M_K-Series Bar Joist-Rod Web:14K1:175829;True
1693;IfcBeam;0NwXg6Ayr9z88KpqSjw_1H;M_K-Series Bar Joist-Rod Web:14K1:14K1:186248;;;3.5050019568477766;-0.018116050959194992;M_K-Series Bar Joist-Rod Web:14K1:175829;True
1694;IfcBeam;0NwXg6Ayr9z88KpqSjw_AE;M_K-Series Bar Joist-Rod Web:14K1:14K1:185687;;;4.606334560376599;-0.027364626688655025;M_K-Series Bar Joist-Rod Web:14K1:175829;True
1695;IfcBeam;0NwXg6Ayr9z88KpqSjw_3U;M_K-Series Bar Joist-Rod Web:14K1:14K1:186119;;;5.289967101045475;-0.03361767433062637;M_K-Series Bar Joist-Rod Web:14K1:175829;True
1696;IfcBeam;0NwXg6Ayr9z88KpqSjw_Bw;M_K-Series Bar Joist-Rod Web:14K1:14K1:185635;;;5.289967101045649;-0.033617674330650674;M_K-Series Bar Joist-Rod Web:14K1:175829;True
1697;IfcBeam;0NwXg6Ayr9z88KpqSjw_BB;M_K-Series Bar Joist-Rod Web:14K1:14K1:185618;;;3.1751702770262185;-0.015297725145070816;M_K-Series Bar Joist-Rod Web:14K1:175829;True
1698;IfcBeam;0NwXg6Ayr9z88KpqSjw_4M;M_K-Series Bar Joist-Rod Web:14K1:14K1:186063;;;2.7572634206326225;-0.012480060724373509;M_K-Series Bar Joist-Rod Web:14K1:175829;True
1699;IfcBeam;0NwXg6Ayr9z88KpqSjw_AH;M_K-Series Bar Joist-Rod Web:14K1:14K1:185672;;;4.606334560376203;-0.027364626687963547;M_K-Series Bar Joist-Rod Web:14K1:175829;True
1700;IfcBeam;0NwXg6Ayr9z88KpqSjw_6N;M_K-Series Bar Joist-Rod Web:14K1:14K1:185934;;;5.2899671010456055;-0.03361767433146979;M_K-Series Bar Joist-Rod Web:14K1:175829;True
1701;IfcBeam;0NwXg6Ayr9z88KpqSjw_Ce;M_K-Series Bar Joist-Rod Web:14K1:14K1:185585;;;2.757263420632789;-0.01248006072431936;M_K-Series Bar Joist-Rod Web:14K1:175829;True
1702;IfcBeam;0NwXg6Ayr9z88KpqSjwzIY;M_K-Series Bar Joist-Rod Web:14K1:14K1:189307;;;2.757263420632792;-0.012480060724268936;M_K-Series Bar Joist-Rod Web:14K1:175829;True
1703;IfcBeam;0NwXg6Ayr9z88KpqSjw_A1;M_K-Series Bar Joist-Rod Web:14K1:14K1:185688;;;4.606334560376595;-0.02736462668786553;M_K-Series Bar Joist-Rod Web:14K1:175829;True
1704;IfcBeam;0NwXg6Ayr9z88KpqSjwzBU;M_K-Series Bar Joist-Rod Web:14K1:14K1:189703;;;5.289425998567806;-0.03361511811003682;M_K-Series Bar Joist-Rod Web:14K1:175829;True
1705;IfcBeam;0NwXg6Ayr9z88KpqSjw_69;M_K-Series Bar Joist-Rod Web:14K1:14K1:185936;;;5.289967101045666;-0.033617674330819476;M_K-Series Bar Joist-Rod Web:14K1:175829;True
1706;IfcBeam;0NwXg6Ayr9z88KpqSjw_30;M_K-Series Bar Joist-Rod Web:14K1:14K1:186137;;;2.7572634206326065;-0.012480060724005107;M_K-Series Bar Joist-Rod Web:14K1:175829;True
1707;IfcBeam;0NwXg6Ayr9z88KpqSjw_8y;M_K-Series Bar Joist-Rod Web:14K1:14K1:185829;;;5.289967101045465;-0.033617674331069984;M_K-Series Bar Joist-Rod Web:14K1:175829;True
1708;IfcBeam;0NwXg6Ayr9z88KpqSjw_Ab;M_K-Series Bar Joist-Rod Web:14K1:14K1:185724;;;5.289967101045561;-0.033617674329989716;M_K-Series Bar Joist-Rod Web:14K1:175829;True
1709;IfcBeam;0NwXg6Ayr9z88KpqSjw_1G;M_K-Series Bar Joist-Rod Web:14K1:14K1:186249;;;3.505001956848041;-0.01811605095925461;M_K-Series Bar Joist-Rod Web:14K1:175829;True
1710;IfcBeam;0NwXg6Ayr9z88KpqSjwzDC;M_K-Series Bar Joist-Rod Web:14K1:14K1:189589;;;2.7572634206326216;-0.01248006072438997;M_K-Series Bar Joist-Rod Web:14K1:175829;True
1711;IfcBeam;0NwXg6Ayr9z88KpqSjwzGO;M_K-Series Bar Joist-Rod Web:14K1:14K1:189377;;;3.505001956848042;-0.018116050959102514;M_K-Series Bar Joist-Rod Web:14K1:175829;True
1712;IfcBeam;0NwXg6Ayr9z88KpqSjw_BR;M_K-Series Bar Joist-Rod Web:14K1:14K1:185602;;;3.175170277026195;-0.015297725145067501;M_K-Series Bar Joist-Rod Web:14K1:175829;True
1713;IfcBeam;0NwXg6Ayr9z88KpqSjw_Bl;M_K-Series Bar Joist-Rod Web:14K1:14K1:185654;;;2.7572634206326176;-0.012480060724448006;M_K-Series Bar Joist-Rod Web:14K1:175829;True
1714;IfcBeam;0NwXg6Ayr9z88KpqSjwzPF;M_K-Series Bar Joist-Rod Web:14K1:14K1:188822;;;4.606334560376525;-0.027364626688244614;M_K-Series Bar Joist-Rod Web:14K1:175829;True
1715;IfcBeam;0NwXg6Ayr9z88KpqSjw_Am;M_K-Series Bar Joist-Rod Web:14K1:14K1:185705;;;4.606334560376597;-0.02736462668850734;M_K-Series Bar Joist-Rod Web:14K1:175829;True
1716;IfcBeam;0NwXg6Ayr9z88KpqSjw_5x;M_K-Series Bar Joist-Rod Web:14K1:14K1:186018;;;5.289967101045504;-0.0336176743308729;M_K-Series Bar Joist-Rod Web:14K1:175829;True
1717;IfcBeam;0NwXg6Ayr9z88KpqSjw_5u;M_K-Series Bar Joist-Rod Web:14K1:14K1:186017;;;5.289967101045504;-0.03361767433109803;M_K-Series Bar Joist-Rod Web:14K1:175829;True
1718;IfcBeam;0NwXg6Ayr9z88KpqSjw_Bu;M_K-Series Bar Joist-Rod Web:14K1:14K1:185633;;;5.28996710104565;-0.033617674332150224;M_K-Series Bar Joist-Rod Web:14K1:175829;True
1719;IfcBeam;0NwXg6Ayr9z88KpqSjw_6I;M_K-Series Bar Joist-Rod Web:14K1:14K1:185931;;;5.2899671010456055;-0.03361767433123211;M_K-Series Bar Joist-Rod Web:14K1:175829;True
1720;IfcBeam;0NwXg6Ayr9z88KpqSjw_4T;M_K-Series Bar Joist-Rod Web:14K1:14K1:186052;;;2.757263420632562;-0.012480060724085118;M_K-Series Bar Joist-Rod Web:14K1:175829;True
1721;IfcBeam;0NwXg6Ayr9z88KpqSjw_4A;M_K-Series Bar Joist-Rod Web:14K1:14K1:186067;;;2.757263420632618;-0.012480060724173073;M_K-Series Bar Joist-Rod Web:14K1:175829;True
1722;IfcBeam;0NwXg6Ayr9z88KpqSjw_Ao;M_K-Series Bar Joist-Rod Web:14K1:14K1:185707;;;4.606334560376626;-0.02736462668746087;M_K-Series Bar Joist-Rod Web:14K1:175829;True
1723;IfcBeam;0NwXg6Ayr9z88KpqSjw_A$;M_K-Series Bar Joist-Rod Web:14K1:14K1:185702;;;4.606334560376595;-0.027364626687834907;M_K-Series Bar Joist-Rod Web:14K1:175829;True
1724;IfcBeam;2lH_RQeBDBG8rH6PWO_60B;M_K-Series Bar Joist-Rod Web:14K1:14K1:220004;;;4.842561024393498;-0.03001272236163579;M_K-Series Bar Joist-Rod Web:14K1:175829;True
1725;IfcBeam;0NwXg6Ayr9z88KpqSjwzDw;M_K-Series Bar Joist-Rod Web:14K1:14K1:189603;;;2.7572634206326243;-0.012480060724380362;M_K-Series Bar Joist-Rod Web:14K1:175829;True
1726;IfcBeam;0NwXg6Ayr9z88KpqSjwzD1;M_K-Series Bar Joist-Rod Web:14K1:14K1:189592;;;2.7572634206326088;-0.012480060724010244;M_K-Series Bar Joist-Rod Web:14K1:175829;True
1727;IfcBeam;0NwXg6Ayr9z88KpqSjw_56;M_K-Series Bar Joist-Rod Web:14K1:14K1:186015;;;5.28996710104561;-0.033617674330911215;M_K-Series Bar Joist-Rod Web:14K1:175829;True
1728;IfcBeam;0NwXg6Ayr9z88KpqSjw_1U;M_K-Series Bar Joist-Rod Web:14K1:14K1:186247;;;3.5050019568477766;-0.018116050958963074;M_K-Series Bar Joist-Rod Web:14K1:175829;True
1729;IfcBeam;0NwXg6Ayr9z88KpqSjw_BT;M_K-Series Bar Joist-Rod Web:14K1:14K1:185604;;;3.175170277026195;-0.01529772514520252;M_K-Series Bar Joist-Rod Web:14K1:175829;True
1730;IfcBeam;0NwXg6Ayr9z88KpqSjwzII;M_K-Series Bar Joist-Rod Web:14K1:14K1:189259;;;3.1751702770261683;-0.01529772514499999;M_K-Series Bar Joist-Rod Web:14K1:175829;True
1731;IfcBeam;0NwXg6Ayr9z88KpqSjw_1V;M_K-Series Bar Joist-Rod Web:14K1:14K1:186246;;;3.505001956848041;-0.018116050958930232;M_K-Series Bar Joist-Rod Web:14K1:175829;True
1732;IfcBeam;0NwXg6Ayr9z88KpqSjw_Cy;M_K-Series Bar Joist-Rod Web:14K1:14K1:185573;;;5.289967101046127;-0.03361767433102769;M_K-Series Bar Joist-Rod Web:14K1:175829;True
1733;IfcBeam;0NwXg6Ayr9z88KpqSjw_48;M_K-Series Bar Joist-Rod Web:14K1:14K1:186065;;;2.75726342063262;-0.012480060724036887;M_K-Series Bar Joist-Rod Web:14K1:175829;True
1734;IfcBeam;0NwXg6Ayr9z88KpqSjw_BO;M_K-Series Bar Joist-Rod Web:14K1:14K1:185601;;;3.175170277026194;-0.015297725145363728;M_K-Series Bar Joist-Rod Web:14K1:175829;True
1735;IfcBeam;0NwXg6Ayr9z88KpqSjw_Ch;M_K-Series Bar Joist-Rod Web:14K1:14K1:185586;;;2.7572634206327886;-0.012480060724263506;M_K-Series Bar Joist-Rod Web:14K1:175829;True
1736;IfcBeam;0NwXg6Ayr9z88KpqSjw_4$;M_K-Series Bar Joist-Rod Web:14K1:14K1:186086;;;5.289967101045666;-0.033617674330550226;M_K-Series Bar Joist-Rod Web:14K1:175829;True
1737;IfcBeam;0NwXg6Ayr9z88KpqSjw_3R;M_K-Series Bar Joist-Rod Web:14K1:14K1:186114;;;5.2899671010456055;-0.033617674330724906;M_K-Series Bar Joist-Rod Web:14K1:175829;True
1738;IfcBeam;0NwXg6Ayr9z88KpqSjw_Bk;M_K-Series Bar Joist-Rod Web:14K1:14K1:185655;;;2.7572634206326176;-0.012480060724102496;M_K-Series Bar Joist-Rod Web:14K1:175829;True
1739;IfcBeam;0NwXg6Ayr9z88KpqSjw_5z;M_K-Series Bar Joist-Rod Web:14K1:14K1:186020;;;5.28996710104551;-0.03361767433120136;M_K-Series Bar Joist-Rod Web:14K1:175829;True
1740;IfcBeam;2lH_RQeBDBG8rH6PWO_60C;M_K-Series Bar Joist-Rod Web:14K1:14K1:220003;;;4.842561024393497;-0.03001272236141839;M_K-Series Bar Joist-Rod Web:14K1:175829;True
1741;IfcBeam;0NwXg6Ayr9z88KpqSjw_3S;M_K-Series Bar Joist-Rod Web:14K1:14K1:186117;;;5.289967101045603;-0.03361767433179336;M_K-Series Bar Joist-Rod Web:14K1:175829;True
1742;IfcBeam;0NwXg6Ayr9z88KpqSjw_Ci;M_K-Series Bar Joist-Rod Web:14K1:14K1:185589;;;2.757263420632789;-0.012480060724318766;M_K-Series Bar Joist-Rod Web:14K1:175829;True
1743;IfcBeam;0NwXg6Ayr9z88KpqSjw_A0;M_K-Series Bar Joist-Rod Web:14K1:14K1:185689;;;4.606334560376596;-0.02736462668818936;M_K-Series Bar Joist-Rod Web:14K1:175829;True
1744;IfcBeam;0NwXg6Ayr9z88KpqSjw_Bx;M_K-Series Bar Joist-Rod Web:14K1:14K1:185634;;;5.28996710104565;-0.033617674331437294;M_K-Series Bar Joist-Rod Web:14K1:175829;True
1745;IfcBeam;0NwXg6Ayr9z88KpqSjw_8z;M_K-Series Bar Joist-Rod Web:14K1:14K1:185828;;;5.289967101045453;-0.03361767433090553;M_K-Series Bar Joist-Rod Web:14K1:175829;True
1746;IfcBeam;0NwXg6Ayr9z88KpqSjw_7r;M_K-Series Bar Joist-Rod Web:14K1:14K1:185900;;;5.289967101045511;-0.033617674330588085;M_K-Series Bar Joist-Rod Web:14K1:175829;True
1747;IfcBeam;0NwXg6Ayr9z88KpqSjw_7p;M_K-Series Bar Joist-Rod Web:14K1:14K1:185898;;;5.289967101045513;-0.033617674331078304;M_K-Series Bar Joist-Rod Web:14K1:175829;True
1748;IfcBeam;0NwXg6Ayr9z88KpqSjw_Cg;M_K-Series Bar Joist-Rod Web:14K1:14K1:185587;;;2.7572634206327886;-0.012480060724081171;M_K-Series Bar Joist-Rod Web:14K1:175829;True
1749;IfcBeam;0NwXg6Ayr9z88KpqSjw_AC;M_K-Series Bar Joist-Rod Web:14K1:14K1:185685;;;4.606334560376589;-0.027364626688453648;M_K-Series Bar Joist-Rod Web:14K1:175829;True
1750;IfcBeam;0NwXg6Ayr9z88KpqSjw_49;M_K-Series Bar Joist-Rod Web:14K1:14K1:186064;;;2.75726342063262;-0.012480060724098742;M_K-Series Bar Joist-Rod Web:14K1:175829;True
1751;IfcBeam;0NwXg6Ayr9z88KpqSjw_5g;M_K-Series Bar Joist-Rod Web:14K1:14K1:186035;;;2.75726342063254;-0.012480060724202865;M_K-Series Bar Joist-Rod Web:14K1:175829;True
1752;IfcBeam;0NwXg6Ayr9z88KpqSjwzDD;M_K-Series Bar Joist-Rod Web:14K1:14K1:189588;;;2.7572634206326234;-0.01248006072410345;M_K-Series Bar Joist-Rod Web:14K1:175829;True
1753;IfcBeam;0NwXg6Ayr9z88KpqSjw_AG;M_K-Series Bar Joist-Rod Web:14K1:14K1:185673;;;4.60633456037715;-0.027364626687845544;M_K-Series Bar Joist-Rod Web:14K1:175829;True
1754;IfcBeam;0NwXg6Ayr9z88KpqSjw_8x;M_K-Series Bar Joist-Rod Web:14K1:14K1:185826;;;5.2899671010454785;-0.03361767433087822;M_K-Series Bar Joist-Rod Web:14K1:175829;True
1755;IfcBeam;0NwXg6Ayr9z88KpqSjw_3E;M_K-Series Bar Joist-Rod Web:14K1:14K1:186135;;;2.7572634206327127;-0.01248006072438789;M_K-Series Bar Joist-Rod Web:14K1:175829;True
1756;IfcBeam;0NwXg6Ayr9z88KpqSjw_5j;M_K-Series Bar Joist-Rod Web:14K1:14K1:186036;;;2.757263420632538;-0.01248006072410442;M_K-Series Bar Joist-Rod Web:14K1:175829;True
1757;IfcBeam;0NwXg6Ayr9z88KpqSjw_8u;M_K-Series Bar Joist-Rod Web:14K1:14K1:185825;;;5.2899671010454785;-0.03361767433089151;M_K-Series Bar Joist-Rod Web:14K1:175829;True
1758;IfcBeam;0NwXg6Ayr9z88KpqSjw_7m;M_K-Series Bar Joist-Rod Web:14K1:14K1:185897;;;5.289967101045508;-0.03361767433074859;M_K-Series Bar Joist-Rod Web:14K1:175829;True
1759;IfcBeam;0NwXg6Ayr9z88KpqSjw_Cx;M_K-Series Bar Joist-Rod Web:14K1:14K1:185570;;;5.289967101046128;-0.03361767432974597;M_K-Series Bar Joist-Rod Web:14K1:175829;True
1760;IfcBeam;0NwXg6Ayr9z88KpqSjw_AF;M_K-Series Bar Joist-Rod Web:14K1:14K1:185686;;;4.606334560376599;-0.027364626687816525;M_K-Series Bar Joist-Rod Web:14K1:175829;True
1761;IfcBeam;0NwXg6Ayr9z88KpqSjwzIb;M_K-Series Bar Joist-Rod Web:14K1:14K1:189308;;;2.757263420632792;-0.012480060724086616;M_K-Series Bar Joist-Rod Web:14K1:175829;True
1762;IfcBeam;0NwXg6Ayr9z88KpqSjw_5h;M_K-Series Bar Joist-Rod Web:14K1:14K1:186034;;;2.757263420632538;-0.01248006072423377;M_K-Series Bar Joist-Rod Web:14K1:175829;True
1763;IfcBeam;0NwXg6Ayr9z88KpqSjw_4z;M_K-Series Bar Joist-Rod Web:14K1:14K1:186084;;;5.289967101045472;-0.03361767433148813;M_K-Series Bar Joist-Rod Web:14K1:175829;True
1764;IfcBeam;0NwXg6Ayr9z88KpqSjwzGR;M_K-Series Bar Joist-Rod Web:14K1:14K1:189378;;;3.505001956848042;-0.018116050958493838;M_K-Series Bar Joist-Rod Web:14K1:175829;True
1765;IfcBeam;0NwXg6Ayr9z88KpqSjw_5f;M_K-Series Bar Joist-Rod Web:14K1:14K1:186032;;;2.757263420632552;-0.012480060724222591;M_K-Series Bar Joist-Rod Web:14K1:175829;True
1766;IfcBeam;0NwXg6Ayr9z88KpqSjw_4w;M_K-Series Bar Joist-Rod Web:14K1:14K1:186083;;;5.289967101045474;-0.03361767433032807;M_K-Series Bar Joist-Rod Web:14K1:175829;True
1767;IfcBeam;0NwXg6Ayr9z88KpqSjw_Cw;M_K-Series Bar Joist-Rod Web:14K1:14K1:185571;;;5.289967101046128;-0.03361767433063414;M_K-Series Bar Joist-Rod Web:14K1:175829;True
1768;IfcBeam;0NwXg6Ayr9z88KpqSjw_4P;M_K-Series Bar Joist-Rod Web:14K1:14K1:186048;;;2.75726342063254;-0.012480060724102503;M_K-Series Bar Joist-Rod Web:14K1:175829;True
1769;IfcBeam;0NwXg6Ayr9z88KpqSjw_5s;M_K-Series Bar Joist-Rod Web:14K1:14K1:186031;;;2.757263420632554;-0.012480060724191782;M_K-Series Bar Joist-Rod Web:14K1:175829;True
1770;IfcBeam;0NwXg6Ayr9z88KpqSjw_7n;M_K-Series Bar Joist-Rod Web:14K1:14K1:185896;;;5.289967101045601;-0.033617674330887984;M_K-Series Bar Joist-Rod Web:14K1:175829;True
1771;IfcBeam;0NwXg6Ayr9z88KpqSjw_4y;M_K-Series Bar Joist-Rod Web:14K1:14K1:186085;;;5.289967101045663;-0.033617674330231204;M_K-Series Bar Joist-Rod Web:14K1:175829;True
1772;IfcBeam;0NwXg6Ayr9z88KpqSjw_Cl;M_K-Series Bar Joist-Rod Web:14K1:14K1:185590;;;2.7572634206327873;-0.012480060724560062;M_K-Series Bar Joist-Rod Web:14K1:175829;True
1773;IfcBeam;0NwXg6Ayr9z88KpqSjw_5w;M_K-Series Bar Joist-Rod Web:14K1:14K1:186019;;;5.289967101045506;-0.03361767433054926;M_K-Series Bar Joist-Rod Web:14K1:175829;True
1774;IfcBeam;0NwXg6Ayr9z88KpqSjw_7o;M_K-Series Bar Joist-Rod Web:14K1:14K1:185899;;;5.289967101045604;-0.0336176743308506;M_K-Series Bar Joist-Rod Web:14K1:175829;True
1775;IfcBeam;0NwXg6Ayr9z88KpqSjw_5i;M_K-Series Bar Joist-Rod Web:14K1:14K1:186037;;;2.757263420632536;-0.012480060724300076;M_K-Series Bar Joist-Rod Web:14K1:175829;True
1776;IfcBeam;0NwXg6Ayr9z88KpqSjw_8w;M_K-Series Bar Joist-Rod Web:14K1:14K1:185827;;;5.289967101045481;-0.03361767433088178;M_K-Series Bar Joist-Rod Web:14K1:175829;True
1777;IfcBeam;0NwXg6Ayr9z88KpqSjw_5e;M_K-Series Bar Joist-Rod Web:14K1:14K1:186033;;;2.757263420632536;-0.012480060724245089;M_K-Series Bar Joist-Rod Web:14K1:175829;True
1778;IfcBeam;0NwXg6Ayr9z88KpqSjw_4Q;M_K-Series Bar Joist-Rod Web:14K1:14K1:186051;;;2.7572634206325906;-0.012480060724103504;M_K-Series Bar Joist-Rod Web:14K1:175829;True
1779;IfcBeam;0NwXg6Ayr9z88KpqSjw_4O;M_K-Series Bar Joist-Rod Web:14K1:14K1:186049;;;2.75726342063259;-0.01248006072431834;M_K-Series Bar Joist-Rod Web:14K1:175829;True
1780;IfcBeam;0NwXg6Ayr9z88KpqSjw_4R;M_K-Series Bar Joist-Rod Web:14K1:14K1:186050;;;2.75726342063259;-0.012480060724362299;M_K-Series Bar Joist-Rod Web:14K1:175829;True
969;IfcColumn;2sNe4zweD6$gxBqyrJS0pY;M_Concrete-Rectangular-Column:400 x 400mm:400 x 400mm:229647;;;1.4320000000000248;0.11120000000000317;400 x 400mm;True
970;IfcColumn;2sNe4zweD6$gxBqyrJS0pZ;M_Concrete-Rectangular-Column:400 x 400mm:400 x 400mm:229646;;;1.4320000000000248;0.11120000000000317;400 x 400mm;True
971;IfcColumn;2sNe4zweD6$gxBqyrJS0p9;M_Concrete-Rectangular-Column:400 x 400mm:400 x 400mm:229668;;;1.4319999999999968;0.1111999999999996;400 x 400mm;True
972;IfcColumn;2sNe4zweD6$gxBqyrJS0pr;M_Concrete-Rectangular-Column:400 x 400mm:400 x 400mm:229656;;;1.4320000000000093;0.11120000000000119;400 x 400mm;True
973;IfcColumn;0uJFlOV3rFvOu6lBJ3bWkW;M_W-Wide Flange-Column:W150X22.5:W150X22.5:217178;;;2.961993896823577;0.009809875665205872;W150X22.5;True
974;IfcColumn;2sNe4zweD6$gxBqyrJS0pw;M_Concrete-Rectangular-Column:400 x 400mm:400 x 400mm:229655;;;1.4320000000000248;0.11120000000000317;400 x 400mm;True
975;IfcColumn;2sNe4zweD6$gxBqyrJS0p5;M_Concrete-Rectangular-Column:400 x 400mm:400 x 400mm:229672;;;1.431999999999998;0.1111999999999997;400 x 400mm;True
976;IfcColumn;0FW0PzjNH7NBjuEjXLDhjV;M_W-Wide Flange-Column:W150X22.5:W150X22.5:208357;;;1.1628139857076012;0.0038393586858135216;W150X22.5;True
977;IfcColumn;2sNe4zweD6$gxBqyrJS0p$;M_Concrete-Rectangular-Column:400 x 400mm:400 x 400mm:229650;;;1.4320000000000248;0.11120000000000317;400 x 400mm;True
978;IfcColumn;2sNe4zweD6$gxBqyrJS0p0;M_Concrete-Rectangular-Column:400 x 400mm:400 x 400mm:229677;;;2.55832000000319;0.20350400000051042;400 x 400mm;True
979;IfcColumn;0GpQFpWOH1YvaHrmh9F2W6;M_W-Wide Flange-Column:W150X22.5:W150X22.5:211624;;;1.162813985707604;0.0038393586858137515;W150X22.5;True
980;IfcColumn;3swIgXSPP4Ch5war5x2hah;M_W-Wide Flange-Column:W150X22.5:W150X22.5:199175;;;3.017926494666343;0.00999548607690026;W150X22.5;True
981;IfcColumn;3CGq687PzBuuySFo1Q5nEq;M_W-Wide Flange-Column:W250X67:W250X67:241102;;;6.269523846313941;0.042267969582726966;W250X67;True
982;IfcColumn;2sNe4zweD6$gxBqyrJS0pu;M_Concrete-Rectangular-Column:400 x 400mm:400 x 400mm:229653;;;1.4320000000000093;0.11120000000000119;400 x 400mm;True
983;IfcColumn;2sNe4zweD6$gxBqyrJS0py;M_Concrete-Rectangular-Column:400 x 400mm:400 x 400mm:229649;;;1.4320000000000248;0.11120000000000317;400 x 400mm;True
984;IfcColumn;2sNe4zweD6$gxBqyrJS0pn;M_Concrete-Rectangular-Column:400 x 400mm:400 x 400mm:229660;;;1.4320000000000124;0.1112000000000016;400 x 400mm;True
985;IfcColumn;3CGq687PzBuuySFo1Q5mwz;M_W-Wide Flange-Column:W150X22.5:W150X22.5:241863;;;1.9203263344586148;0.006353137497996391;W150X22.5;True
986;IfcColumn;3jMXdawx93suHqay4NiXep;M_W-Wide Flange-Column:W150X22.5:W150X22.5:216303;;;1.2028035910962167;0.003972062823351236;W150X22.5;True
987;IfcColumn;3jMXdawx93suHqay4NiXjh;M_W-Wide Flange-Column:W250X67:W250X67:216503;;;6.01943652067731;0.04057725080143393;W250X67;True
988;IfcColumn;3jMXdawx93suHqay4NiXez;M_W-Wide Flange-Column:W250X67:W250X67:216289;;;4.334873945191668;0.029188742483552896;W250X67;True
989;IfcColumn;2sNe4zweD6$gxBqyrJS0pB;M_Concrete-Rectangular-Column:400 x 400mm:400 x 400mm:229670;;;1.431999999999998;0.11119999999999969;400 x 400mm;True
990;IfcColumn;2sNe4zweD6$gxBqyrJS0pv;M_Concrete-Rectangular-Column:400 x 400mm:400 x 400mm:229652;;;1.4320000000000093;0.11120000000000119;400 x 400mm;True
991;IfcColumn;3swIgXSPP4Ch5war5x2hlU;M_W-Wide Flange-Column:W150X22.5:W150X22.5:198898;;;0.9395240084885486;0.0030983785359441655;W150X22.5;True
992;IfcColumn;3swIgXSPP4Ch5war5x2hkg;M_W-Wide Flange-Column:W150X22.5:W150X22.5:198790;;;0.9395240084885502;0.0030983785359438463;W150X22.5;True
993;IfcColumn;2sNe4zweD6$gxBqyrJS0p8;M_Concrete-Rectangular-Column:400 x 400mm:400 x 400mm:229669;;;1.4319999999999968;0.11119999999999962;400 x 400mm;True
994;IfcColumn;2sNe4zweD6$gxBqyrJS0p3;M_Concrete-Rectangular-Column:400 x 400mm:400 x 400mm:229678;;;2.5583200000031905;0.20350400000051053;400 x 400mm;True
995;IfcColumn;2sNe4zweD6$gxBqyrJS0p4;M_Concrete-Rectangular-Column:400 x 400mm:400 x 400mm:229673;;;1.4319999999999937;0.11119999999999923;400 x 400mm;True
996;IfcColumn;2sNe4zweD6$gxBqyrJS0pA;M_Concrete-Rectangular-Column:400 x 400mm:400 x 400mm:229671;;;1.4319999999999968;0.11119999999999962;400 x 400mm;True
997;IfcColumn;2sNe4zweD6$gxBqyrJS0pE;M_Concrete-Rectangular-Column:400 x 400mm:400 x 400mm:229667;;;1.4319999999999968;0.11119999999999962;400 x 400mm;True
998;IfcColumn;3yX498NoH6cAogvPd4MkAD;M_W-Wide Flange-Column:W250X67:W250X67:167608;;;4.334873945189072;0.029188742482078603;W250X67;True
999;IfcColumn;2sNe4zweD6$gxBqyrJS0pq;M_Concrete-Rectangular-Column:400 x 400mm:400 x 400mm:229657;;;1.4320000000000093;0.1112000000000012;400 x 400mm;True
1000;IfcColumn;3saVcraO9CJRqkF0xoeDeQ;M_W-Wide Flange-Column:W150X22.5:W150X22.5:159592;;;4.299884020682276;0.014249618266731769;W150X22.5;True
1001;IfcColumn;3yX498NoH6cAogvPd4MllV;M_W-Wide Flange-Column:W250X67:W250X67:169962;;;6.019436520674527;0.040577250799378704;W250X67;True
1002;IfcColumn;3yX498NoH6cAogvPd4Mk0O;M_W-Wide Flange-Column:W250X67:W250X67:166957;;;6.019436520674593;0.04057725079937698;W250X67;True
1003;IfcColumn;2sNe4zweD6$gxBqyrJS0pF;M_Concrete-Rectangular-Column:400 x 400mm:400 x 400mm:229666;;;1.4320000000000093;0.1112000000000012;400 x 400mm;True
1004;IfcColumn;2sNe4zweD6$gxBqyrJS0px;M_Concrete-Rectangular-Column:400 x 400mm:400 x 400mm:229654;;;1.4320000000000248;0.11120000000000317;400 x 400mm;True
1005;IfcColumn;0FW0PzjNH7NBjuEjXLDg0u;M_W-Wide Flange-Column:W150X22.5:W150X22.5:210562;;;1.162813985707599;0.003839358685813735;W150X22.5;True
1006;IfcColumn;3swIgXSPP4Ch5war5x2hJV;M_W-Wide Flange-Column:W150X22.5:W150X22.5:198643;;;1.9203263344586214;0.006353137497995041;W150X22.5;True
1007;IfcColumn;3jMXdawx93suHqay4NiXej;M_W-Wide Flange-Column:W150X22.5:W150X22.5:216305;;;3.017926494667385;0.009995486077512359;W150X22.5;True
1008;IfcColumn;3saVcraO9CJRqkF0xoeCKm;M_W-Wide Flange-Column:W250X67:W250X67:159810;;;6.269523846314014;0.042267969582731976;W250X67;True
1009;IfcColumn;2sNe4zweD6$gxBqyrJS0pS;M_Concrete-Rectangular-Column:400 x 400mm:400 x 400mm:229681;;;1.4320000000000093;0.1112000000000012;400 x 400mm;True
1010;IfcColumn;2sNe4zweD6$gxBqyrJS0p2;M_Concrete-Rectangular-Column:400 x 400mm:400 x 400mm:229679;;;2.5583200000031914;0.20350400000051058;400 x 400mm;True
1011;IfcColumn;2sNe4zweD6$gxBqyrJS0pT;M_Concrete-Rectangular-Column:400 x 400mm:400 x 400mm:229680;;;2.23475200000551;0.16076816000072772;400 x 400mm;True
1012;IfcColumn;3yX498NoH6cAogvPd4Mlgm;M_W-Wide Flange-Column:W250X67:W250X67:169605;;;6.0194365206746046;0.0405772507993819;W250X67;True
1013;IfcColumn;3jMXdawx93suHqay4NiXev;M_W-Wide Flange-Column:W250X67:W250X67:216293;;;6.019436520677314;0.04057725080143312;W250X67;True
1014;IfcColumn;0uJFlOV3rFvOu6lBJ3bWjL;M_W-Wide Flange-Column:W150X22.5:W150X22.5:217263;;;3.0179264946663635;0.009995486076900406;W150X22.5;True
1015;IfcColumn;3jMXdawx93suHqay4NiXet;M_W-Wide Flange-Column:W150X22.5:W150X22.5:216299;;;1.9203263344596833;0.006353137498383636;W150X22.5;True
1016;IfcColumn;3swIgXSPP4Ch5war5x2hPy;M_W-Wide Flange-Column:W150X22.5:W150X22.5:197968;;;0.7129749665132195;0.002346583291184783;W150X22.5;True
1017;IfcColumn;3yX498NoH6cAogvPd4Ml0p;M_W-Wide Flange-Column:W250X67:W250X67:171014;;;3.7513368520440613;0.02524373198769461;W250X67;True
1018;IfcColumn;2sNe4zweD6$gxBqyrJS0pz;M_Concrete-Rectangular-Column:400 x 400mm:400 x 400mm:229648;;;1.4320000000000248;0.11120000000000317;400 x 400mm;True
1019;IfcColumn;3yX498NoH6cAogvPd4Ml1G;M_W-Wide Flange-Column:W250X67:W250X67:171109;;;6.019436520674736;0.040577250799383124;W250X67;True
1020;IfcColumn;3yX498NoH6cAogvPd4MkVj;M_W-Wide Flange-Column:W250X67:W250X67:166872;;;6.019436520674611;0.04057725079937911;W250X67;True
1021;IfcColumn;3saVcraO9CJRqkF0xoeDkj;M_W-Wide Flange-Column:W250X67:W250X67:159455;;;6.2695238463140255;0.04226796958273096;W250X67;True
1022;IfcColumn;2sNe4zweD6$gxBqyrJS0pt;M_Concrete-Rectangular-Column:400 x 400mm:400 x 400mm:229658;;;1.432000000000013;0.11120000000000167;400 x 400mm;True
1023;IfcColumn;3saVcraO9CJRqkF0xoeDiA;M_W-Wide Flange-Column:W250X67:W250X67:159352;;;6.269523846314009;0.04226796958273103;W250X67;True
1024;IfcColumn;3yX498NoH6cAogvPd4Ml9Q;M_W-Wide Flange-Column:W250X67:W250X67:171631;;;6.019436520674744;0.040577250799382875;W250X67;True
1025;IfcColumn;2sNe4zweD6$gxBqyrJS0p7;M_Concrete-Rectangular-Column:400 x 400mm:400 x 400mm:229674;;;1.4319999999999937;0.11119999999999922;400 x 400mm;True
1026;IfcColumn;3swIgXSPP4Ch5war5x2haV;M_W-Wide Flange-Column:W150X22.5:W150X22.5:199219;;;3.0179264946663693;0.009995486076900118;W150X22.5;True
1027;IfcColumn;3CGq687PzBuuySFo1Q5mpU;M_W-Wide Flange-Column:W250X67:W250X67:242340;;;6.019436520674654;0.04057725079938;W250X67;True
1028;IfcColumn;3yX498NoH6cAogvPd4Mk2_;M_W-Wide Flange-Column:W250X67:W250X67:167051;;;6.019436520674589;0.0405772507993782;W250X67;True
1029;IfcColumn;3swIgXSPP4Ch5war5x2hgL;M_W-Wide Flange-Column:W150X22.5:W150X22.5:199097;;;3.0179264946663578;0.009995486076899771;W150X22.5;True
1030;IfcColumn;3yX498NoH6cAogvPd4Ml3V;M_W-Wide Flange-Column:W250X67:W250X67:171242;;;6.019436520674721;0.040577250799383194;W250X67;True
1031;IfcColumn;2sNe4zweD6$gxBqyrJS0pm;M_Concrete-Rectangular-Column:400 x 400mm:400 x 400mm:229661;;;1.4320000000000124;0.11120000000000158;400 x 400mm;True
1032;IfcColumn;2sNe4zweD6$gxBqyrJS0pC;M_Concrete-Rectangular-Column:400 x 400mm:400 x 400mm:229665;;;1.4320000000000093;0.11120000000000119;400 x 400mm;True
1033;IfcColumn;2sNe4zweD6$gxBqyrJS0p6;M_Concrete-Rectangular-Column:400 x 400mm:400 x 400mm:229675;;;1.4319999999999968;0.1111999999999996;400 x 400mm;True
1034;IfcColumn;3jMXdawx93suHqay4NiXem;M_W-Wide Flange-Column:W150X22.5:W150X22.5:216300;;;2.465823308391648;0.008163350543127258;W150X22.5;True
1035;IfcColumn;3swIgXSPP4Ch5war5x2hep;M_W-Wide Flange-Column:W150X22.5:W150X22.5:198943;;;1.202803591095163;0.003972062823107951;W150X22.5;True
1036;IfcColumn;3yX498NoH6cAogvPd4Mk7o;M_W-Wide Flange-Column:W250X67:W250X67:167367;;;6.019436520674701;0.0405772507993846;W250X67;True
1037;IfcColumn;3jMXdawx93suHqay4NiXe_;M_W-Wide Flange-Column:W250X67:W250X67:216290;;;3.7513368520466517;0.02524373198896962;W250X67;True
1038;IfcColumn;3yX498NoH6cAogvPd4MkJw;M_W-Wide Flange-Column:W250X67:W250X67:166095;;;6.019436520674629;0.040577250799381834;W250X67;True
1039;IfcColumn;3yX498NoH6cAogvPd4MkN7;M_W-Wide Flange-Column:W250X67:W250X67:166386;;;6.019436520674648;0.04057725079938154;W250X67;True
1040;IfcColumn;3yX498NoH6cAogvPd4Ml6H;M_W-Wide Flange-Column:W250X67:W250X67:171428;;;6.019436520674614;0.040577250799381515;W250X67;True
1041;IfcColumn;2sNe4zweD6$gxBqyrJS0p_;M_Concrete-Rectangular-Column:400 x 400mm:400 x 400mm:229651;;;1.4320000000000248;0.11120000000000317;400 x 400mm;True
1042;IfcColumn;3saVcraO9CJRqkF0xoeDcw;M_W-Wide Flange-Column:W250X67:W250X67:158920;;;6.269523846313895;0.04226796958272323;W250X67;True
1043;IfcColumn;2sNe4zweD6$gxBqyrJS0pp;M_Concrete-Rectangular-Column:400 x 400mm:400 x 400mm:229662;;;1.4320000000000124;0.11120000000000158;400 x 400mm;True
1044;IfcColumn;3saVcraO9CJRqkF0xoeCnW;M_W-Wide Flange-Column:W250X67:W250X67:162066;;;6.269523846313975;0.04226796958272852;W250X67;True
1045;IfcColumn;2sNe4zweD6$gxBqyrJS0ps;M_Concrete-Rectangular-Column:400 x 400mm:400 x 400mm:229659;;;1.4320000000000124;0.11120000000000158;400 x 400mm;True
1046;IfcColumn;3saVcraO9CJRqkF0xoeDav;M_W-Wide Flange-Column:W250X67:W250X67:158795;;;6.269523846313916;0.04226796958272431;W250X67;True
1047;IfcColumn;3saVcraO9CJRqkF0xoeDhf;M_W-Wide Flange-Column:W250X67:W250X67:159643;;;6.269523846314025;0.04226796958273138;W250X67;True
1048;IfcColumn;2sNe4zweD6$gxBqyrJS0p1;M_Concrete-Rectangular-Column:400 x 400mm:400 x 400mm:229676;;;1.4319999999999968;0.11119999999999962;400 x 400mm;True
1049;IfcColumn;3yX498NoH6cAogvPd4MlKe;M_W-Wide Flange-Column:W250X67:W250X67:170269;;;6.019436520674619;0.04057725079937809;W250X67;True
1050;IfcColumn;3jMXdawx93suHqay4NiXlS;M_W-Wide Flange-Column:W150X22.5:W150X22.5:216320;;;1.1628139857086577;0.0038393586860487475;W150X22.5;True
1051;IfcColumn;3saVcraO9CJRqkF0xoeDsi;M_W-Wide Flange-Column:W250X67:W250X67:157918;;;6.26952384631396;0.04226796958272783;W250X67;True
1052;IfcColumn;3CGq687PzBuuySFo1Q5n6F;M_W-Wide Flange-Column:W150X22.5:W150X22.5:241653;;;1.9203263344586294;0.006353137497995216;W150X22.5;True
1053;IfcColumn;3saVcraO9CJRqkF0xoeDtb;M_W-Wide Flange-Column:W250X67:W250X67:157847;;;6.269523846313883;0.042267969582721825;W250X67;True
1054;IfcColumn;3jMXdawx93suHqay4NiXlV;M_W-Wide Flange-Column:W150X22.5:W150X22.5:216323;;;1.1628139857086517;0.003839358686049219;W150X22.5;True
1055;IfcColumn;3yX498NoH6cAogvPd4Mli8;M_W-Wide Flange-Column:W250X67:W250X67:169789;;;6.019436520674613;0.040577250799382;W250X67;True
1056;IfcColumn;3jMXdawx93suHqay4NiXe$;M_W-Wide Flange-Column:W250X67:W250X67:216291;;;3.7513368520466623;0.025243731988969516;W250X67;True
1057;IfcColumn;3jMXdawx93suHqay4NiXel;M_W-Wide Flange-Column:W150X22.5:W150X22.5:216307;;;2.9619938968235715;0.009809875665205931;W150X22.5;True
1058;IfcColumn;3yX498NoH6cAogvPd4MlYQ;M_W-Wide Flange-Column:W250X67:W250X67:169135;;;6.0194365206746365;0.040577250799377546;W250X67;True
1059;IfcColumn;3swIgXSPP4Ch5war5x2hjb;M_W-Wide Flange-Column:W150X22.5:W150X22.5:198729;;;2.4658233083906183;0.008163350542627283;W150X22.5;True
1060;IfcColumn;3saVcraO9CJRqkF0xoeC5V;M_W-Wide Flange-Column:W250X67:W250X67:160813;;;6.2695238463138985;0.042267969582721075;W250X67;True
1061;IfcColumn;3saVcraO9CJRqkF0xoeCYw;M_W-Wide Flange-Column:W250X67:W250X67:163272;;;6.269523846314056;0.04226796958273179;W250X67;True
1062;IfcColumn;3jMXdawx93suHqay4NiXes;M_W-Wide Flange-Column:W150X22.5:W150X22.5:216298;;;0.7129749665142819;0.0023465832913284928;W150X22.5;True
1063;IfcColumn;3yX498NoH6cAogvPd4Mlec;M_W-Wide Flange-Column:W250X67:W250X67:169491;;;6.019436520674653;0.0405772507993805;W250X67;True
1064;IfcColumn;2sNe4zweD6$gxBqyrJS0pD;M_Concrete-Rectangular-Column:400 x 400mm:400 x 400mm:229664;;;1.4320000000000248;0.11120000000000317;400 x 400mm;True
1065;IfcColumn;3yX498NoH6cAogvPd4MlIv;M_W-Wide Flange-Column:W250X67:W250X67:170124;;;6.019436520674775;0.040577250799382875;W250X67;True
1066;IfcColumn;3saVcraO9CJRqkF0xoeC0I;M_W-Wide Flange-Column:W250X67:W250X67:161120;;;6.269523846314085;0.0422679695827288;W250X67;True
1067;IfcColumn;3saVcraO9CJRqkF0xoeCp1;M_W-Wide Flange-Column:W250X67:W250X67:162227;;;6.269523846313973;0.04226796958272827;W250X67;True
1068;IfcColumn;3yX498NoH6cAogvPd4MiXI;M_W-Wide Flange-Column:W250X67:W250X67:173159;;;6.019436520674777;0.04057725079938211;W250X67;True
1069;IfcColumn;3saVcraO9CJRqkF0xoeCHq;M_W-Wide Flange-Column:W250X67:W250X67:160006;;;6.269523846314037;0.04226796958272957;W250X67;True
1070;IfcColumn;3saVcraO9CJRqkF0xoeC7C;M_W-Wide Flange-Column:W250X67:W250X67:160958;;;6.115623953616439;0.0412275272545404;W250X67;True
1071;IfcColumn;3saVcraO9CJRqkF0xoeC3h;M_W-Wide Flange-Column:W250X67:W250X67:161177;;;6.269523846313998;0.04226796958272361;W250X67;True
1072;IfcColumn;3yX498NoH6cAogvPd4MkLd;M_W-Wide Flange-Column:W250X67:W250X67:166226;;;6.019436520674651;0.040577250799381445;W250X67;True
1073;IfcColumn;3yX498NoH6cAogvPd4Mk35;M_W-Wide Flange-Column:W250X67:W250X67:167152;;;6.019436520674709;0.04057725079938446;W250X67;True
1074;IfcColumn;3saVcraO9CJRqkF0xoeCGv;M_W-Wide Flange-Column:W250X67:W250X67:160075;;;6.269523846314052;0.042267969582728535;W250X67;True
1075;IfcColumn;3jMXdawx93suHqay4NiXed;M_W-Wide Flange-Column:W150X22.5:W150X22.5:216315;;;1.162813985708653;0.003839358686048809;W150X22.5;True
1076;IfcColumn;3saVcraO9CJRqkF0xoeC8q;M_W-Wide Flange-Column:W250X67:W250X67:161606;;;6.269523846314016;0.04226796958272486;W250X67;True
1077;IfcColumn;3yX498NoH6cAogvPd4MlNe;M_W-Wide Flange-Column:W250X67:W250X67:170461;;;3.751336852044068;0.025243731987694328;W250X67;True
1078;IfcColumn;3saVcraO9CJRqkF0xoeDYJ;M_W-Wide Flange-Column:W250X67:W250X67:159201;;;6.26952384631401;0.04226796958273088;W250X67;True
1079;IfcColumn;3saVcraO9CJRqkF0xoeCtV;M_W-Wide Flange-Column:W150X22.5:W150X22.5:161965;;;4.2998840206822715;0.014249618266731863;W150X22.5;True
1080;IfcColumn;3yX498NoH6cAogvPd4MlL0;M_W-Wide Flange-Column:W250X67:W250X67:170357;;;6.019436520674597;0.04057725079937699;W250X67;True
1081;IfcColumn;3saVcraO9CJRqkF0xoeDmF;M_W-Wide Flange-Column:W250X67:W250X67:158077;;;6.269523846313925;0.04226796958272698;W250X67;True
1082;IfcColumn;3saVcraO9CJRqkF0xoeD8i;M_W-Wide Flange-Column:W250X67:W250X67:157534;;;6.115623953616399;0.041227527254537474;W250X67;True
1083;IfcColumn;3yX498NoH6cAogvPd4Ml$$;M_W-Wide Flange-Column:W250X67:W250X67:168906;;;6.019436520674714;0.04057725079938557;W250X67;True
1084;IfcColumn;3yX498NoH6cAogvPd4MlcK;M_W-Wide Flange-Column:W250X67:W250X67:169377;;;6.019436520674665;0.04057725079938125;W250X67;True
1085;IfcColumn;3saVcraO9CJRqkF0xoeC2i;M_W-Wide Flange-Column:W250X67:W250X67:161246;;;6.269523846313991;0.042267969582723754;W250X67;True
1086;IfcColumn;3saVcraO9CJRqkF0xoeDmr;M_W-Wide Flange-Column:W250X67:W250X67:158023;;;6.269523846313957;0.04226796958272776;W250X67;True
1087;IfcColumn;3saVcraO9CJRqkF0xoeDBX;M_W-Wide Flange-Column:W250X67:W250X67:157587;;;6.269523846313961;0.04226796958272737;W250X67;True
1088;IfcColumn;3saVcraO9CJRqkF0xoeDmK;M_W-Wide Flange-Column:W250X67:W250X67:158054;;;6.269523846313932;0.04226796958272794;W250X67;True
1089;IfcColumn;3saVcraO9CJRqkF0xoeCcX;M_W-Wide Flange-Column:W250X67:W250X67:163027;;;6.115623953616468;0.04122752725454233;W250X67;True
1090;IfcColumn;3saVcraO9CJRqkF0xoeDzg;M_W-Wide Flange-Column:W250X67:W250X67:158232;;;6.115623953616368;0.041227527254538134;W250X67;True
1091;IfcColumn;3yX498NoH6cAogvPd4Mlwe;M_W-Wide Flange-Column:W250X67:W250X67:168605;;;6.019436520674647;0.04057725079938052;W250X67;True
1092;IfcColumn;3yX498NoH6cAogvPd4Ml5s;M_W-Wide Flange-Column:W250X67:W250X67:171331;;;6.019436520674742;0.04057725079938234;W250X67;True
1093;IfcColumn;3saVcraO9CJRqkF0xoeDXJ;M_W-Wide Flange-Column:W250X67:W250X67:159009;;;6.269523846313892;0.04226796958272307;W250X67;True
1094;IfcColumn;3saVcraO9CJRqkF0xoeCtq;M_W-Wide Flange-Column:W250X67:W250X67:161926;;;6.2695238463139855;0.042267969582725926;W250X67;True
1095;IfcColumn;3yX498NoH6cAogvPd4Mi$3;M_W-Wide Flange-Column:W250X67:W250X67:173046;;;6.019436520674779;0.040577250799382354;W250X67;True
1096;IfcColumn;3saVcraO9CJRqkF0xoeCKB;M_W-Wide Flange-Column:W250X67:W250X67:159865;;;6.269523846314029;0.042267969582729506;W250X67;True
1097;IfcColumn;3saVcraO9CJRqkF0xoeD37;M_W-Wide Flange-Column:W250X67:W250X67:157109;;;6.115623953616349;0.04122752725453891;W250X67;True
1098;IfcColumn;3saVcraO9CJRqkF0xoeDdl;M_W-Wide Flange-Column:W250X67:W250X67:158877;;;6.269523846313902;0.04226796958272135;W250X67;True
1099;IfcColumn;3saVcraO9CJRqkF0xoeDEL;M_W-Wide Flange-Column:W250X67:W250X67:157415;;;6.115623953616362;0.04122752725453897;W250X67;True
1100;IfcColumn;3saVcraO9CJRqkF0xoeDWe;M_W-Wide Flange-Column:W250X67:W250X67:159066;;;6.269523846313891;0.04226796958272422;W250X67;True
1101;IfcColumn;3yX498NoH6cAogvPd4Mivx;M_W-Wide Flange-Column:W250X67:W250X67:172622;;;6.019436520674707;0.04057725079937721;W250X67;True
1102;IfcColumn;3jMXdawx93suHqay4NiXen;M_W-Wide Flange-Column:W150X22.5:W150X22.5:216301;;;0.939524008489596;0.003098378536134001;W150X22.5;True
1103;IfcColumn;3jMXdawx93suHqay4NiXeu;M_W-Wide Flange-Column:W250X67:W250X67:216292;;;6.019436520677341;0.04057725080143243;W250X67;True
1104;IfcColumn;3yX498NoH6cAogvPd4MlzO;M_W-Wide Flange-Column:W250X67:W250X67:168813;;;6.019436520674721;0.040577250799385456;W250X67;True
1105;IfcColumn;3yX498NoH6cAogvPd4MkSn;M_W-Wide Flange-Column:W250X67:W250X67:166660;;;6.019436520674581;0.040577250799375957;W250X67;True
1106;IfcColumn;3yX498NoH6cAogvPd4Miru;M_W-Wide Flange-Column:W250X67:W250X67:172365;;;6.01943652067471;0.04057725079937762;W250X67;True
1107;IfcColumn;3saVcraO9CJRqkF0xoeCTO;M_W-Wide Flange-Column:W250X67:W250X67:160298;;;6.269523846313939;0.042267969582726495;W250X67;True
1108;IfcColumn;3yX498NoH6cAogvPd4MluI;M_W-Wide Flange-Column:W250X67:W250X67:168487;;;6.019436520674671;0.04057725079938347;W250X67;True
1109;IfcColumn;3saVcraO9CJRqkF0xoeCAi;M_W-Wide Flange-Column:W250X67:W250X67:161758;;;6.2695238463139775;0.042267969582725926;W250X67;True
1110;IfcColumn;3jMXdawx93suHqay4NiXek;M_W-Wide Flange-Column:W150X22.5:W150X22.5:216306;;;2.961993896823574;0.009809875665205515;W150X22.5;True
1111;IfcColumn;3yX498NoH6cAogvPd4Mlto;M_W-Wide Flange-Column:W250X67:W250X67:168391;;;6.019436520674672;0.04057725079938162;W250X67;True
1112;IfcColumn;3yX498NoH6cAogvPd4MkHg;M_W-Wide Flange-Column:W250X67:W250X67:165983;;;6.0194365206746925;0.04057725079937963;W250X67;True
1113;IfcColumn;3saVcraO9CJRqkF0xoeDrO;M_W-Wide Flange-Column:W250X67:W250X67:157738;;;6.115623953616301;0.04122752725453314;W250X67;True
1114;IfcColumn;3saVcraO9CJRqkF0xoeCwl;M_W-Wide Flange-Column:W250X67:W250X67:162781;;;6.115623953616456;0.04122752725454158;W250X67;True
1115;IfcColumn;3saVcraO9CJRqkF0xoeCbq;M_W-Wide Flange-Column:W250X67:W250X67:162822;;;6.115623953616477;0.041227527254541166;W250X67;True
1116;IfcColumn;3saVcraO9CJRqkF0xoeCJg;M_W-Wide Flange-Column:W250X67:W250X67:160152;;;6.269523846313919;0.04226796958272784;W250X67;True
1117;IfcColumn;3yX498NoH6cAogvPd4MkQl;M_W-Wide Flange-Column:W250X67:W250X67:166554;;;6.019436520674653;0.04057725079938153;W250X67;True
1118;IfcColumn;3yX498NoH6cAogvPd4Mlbd;M_W-Wide Flange-Column:W250X67:W250X67:169298;;;6.019436520674779;0.040577250799382444;W250X67;True
1119;IfcColumn;3saVcraO9CJRqkF0xoeDxL;M_W-Wide Flange-Column:W250X67:W250X67:158631;;;6.269523846313887;0.04226796958272241;W250X67;True
1120;IfcColumn;3yX498NoH6cAogvPd4Miy2;M_W-Wide Flange-Column:W250X67:W250X67:172855;;;6.019436520674699;0.04057725079937744;W250X67;True
1121;IfcColumn;3saVcraO9CJRqkF0xoeCiw;M_W-Wide Flange-Column:W250X67:W250X67:163400;;;6.269523846314051;0.04226796958273161;W250X67;True
1122;IfcColumn;3saVcraO9CJRqkF0xoeCqt;M_W-Wide Flange-Column:W250X67:W250X67:161861;;;6.269523846313981;0.04226796958272597;W250X67;True
1123;IfcColumn;3saVcraO9CJRqkF0xoeDrv;M_W-Wide Flange-Column:W250X67:W250X67:157707;;;6.115623953616377;0.04122752725453806;W250X67;True
1124;IfcColumn;3saVcraO9CJRqkF0xoeCBX;M_W-Wide Flange-Column:W250X67:W250X67:161683;;;6.269523846313975;0.04226796958272657;W250X67;True
1125;IfcColumn;3saVcraO9CJRqkF0xoeCOo;M_W-Wide Flange-Column:W250X67:W250X67:160576;;;6.269523846314056;0.04226796958272915;W250X67;True
1126;IfcColumn;3saVcraO9CJRqkF0xoeC1J;M_W-Wide Flange-Column:W250X67:W250X67:161057;;;6.269523846314085;0.04226796958272859;W250X67;True
1127;IfcColumn;3yX498NoH6cAogvPd4MlEV;M_W-Wide Flange-Column:W250X67:W250X67:171946;;;6.019436520674738;0.04057725079938233;W250X67;True
1128;IfcColumn;3saVcraO9CJRqkF0xoeC9Z;M_W-Wide Flange-Column:W250X67:W250X67:161553;;;6.269523846314013;0.04226796958272656;W250X67;True
1129;IfcColumn;3saVcraO9CJRqkF0xoeCjp;M_W-Wide Flange-Column:W250X67:W250X67:163329;;;6.269523846314029;0.042267969582732;W250X67;True
1130;IfcColumn;2sNe4zweD6$gxBqyrJS0po;M_Concrete-Rectangular-Column:400 x 400mm:400 x 400mm:229663;;;1.432000000000013;0.11120000000000169;400 x 400mm;True
1131;IfcColumn;3saVcraO9CJRqkF0xoeCzm;M_W-Wide Flange-Column:W250X67:W250X67:162306;;;6.269523846313977;0.04226796958272966;W250X67;True
1132;IfcColumn;3saVcraO9CJRqkF0xoeCFB;M_W-Wide Flange-Column:W250X67:W250X67:161465;;;6.269523846313974;0.04226796958272414;W250X67;True
1133;IfcColumn;3yX498NoH6cAogvPd4Mlok;M_W-Wide Flange-Column:W250X67:W250X67:168091;;;6.019436520674669;0.04057725079938218;W250X67;True
1134;IfcColumn;3saVcraO9CJRqkF0xoeDuU;M_W-Wide Flange-Column:W250X67:W250X67:158572;;;6.269523846313944;0.042267969582728174;W250X67;True
1135;IfcColumn;3saVcraO9CJRqkF0xoeDyB;M_W-Wide Flange-Column:W250X67:W250X67:158329;;;6.115623953616337;0.041227527254537905;W250X67;True
1136;IfcColumn;3yX498NoH6cAogvPd4MlyX;M_W-Wide Flange-Column:W250X67:W250X67:168724;;;6.019436520674649;0.040577250799380765;W250X67;True
1137;IfcColumn;3yX498NoH6cAogvPd4MlXP;M_W-Wide Flange-Column:W250X67:W250X67:169068;;;6.01943652067471;0.040577250799385074;W250X67;True
1138;IfcColumn;3yX498NoH6cAogvPd4MkT9;M_W-Wide Flange-Column:W250X67:W250X67:166780;;;6.0194365206746046;0.04057725079937534;W250X67;True
1139;IfcColumn;3saVcraO9CJRqkF0xoeCbV;M_W-Wide Flange-Column:W250X67:W250X67:162861;;;6.115623953616476;0.04122752725454118;W250X67;True
1140;IfcColumn;3jMXdawx93suHqay4NiXeo;M_W-Wide Flange-Column:W150X22.5:W150X22.5:216302;;;0.9395240084896037;0.003098378536134031;W150X22.5;True
1141;IfcColumn;3yX498NoH6cAogvPd4MkPM;M_W-Wide Flange-Column:W250X67:W250X67:166499;;;6.0194365206746605;0.04057725079938136;W250X67;True
1142;IfcColumn;3saVcraO9CJRqkF0xoeCzL;M_W-Wide Flange-Column:W250X67:W250X67:162343;;;6.269523846313973;0.04226796958272632;W250X67;True
1143;IfcColumn;3saVcraO9CJRqkF0xoeDAy;M_W-Wide Flange-Column:W250X67:W250X67:157646;;;6.269523846313964;0.04226796958272759;W250X67;True
1144;IfcColumn;3saVcraO9CJRqkF0xoeDaO;M_W-Wide Flange-Column:W250X67:W250X67:158826;;;6.269523846313903;0.04226796958272563;W250X67;True
1145;IfcColumn;3saVcraO9CJRqkF0xoeCiF;M_W-Wide Flange-Column:W250X67:W250X67:163453;;;6.269523846313964;0.04226796958272699;W250X67;True
1146;IfcColumn;3saVcraO9CJRqkF0xoeCS3;M_W-Wide Flange-Column:W250X67:W250X67:160369;;;6.115623953616348;0.04122752725453901;W250X67;True
1147;IfcColumn;3saVcraO9CJRqkF0xoeCEK;M_W-Wide Flange-Column:W250X67:W250X67:161510;;;6.269523846313978;0.042267969582724246;W250X67;True
1148;IfcColumn;3saVcraO9CJRqkF0xoeCks;M_W-Wide Flange-Column:W250X67:W250X67:163524;;;6.269523846313913;0.04226796958272445;W250X67;True
1149;IfcColumn;3saVcraO9CJRqkF0xoeCxc;M_W-Wide Flange-Column:W250X67:W250X67:162708;;;6.115623953616457;0.04122752725454136;W250X67;True
1150;IfcColumn;3saVcraO9CJRqkF0xoeCId;M_W-Wide Flange-Column:W250X67:W250X67:160213;;;6.269523846313962;0.04226796958272622;W250X67;True
1151;IfcColumn;3saVcraO9CJRqkF0xoeDwQ;M_W-Wide Flange-Column:W250X67:W250X67:158696;;;6.269523846313888;0.04226796958272173;W250X67;True
1152;IfcColumn;3yX498NoH6cAogvPd4MixX;M_W-Wide Flange-Column:W250X67:W250X67:172756;;;6.019436520674709;0.04057725079937894;W250X67;True
1153;IfcColumn;3saVcraO9CJRqkF0xoeCPl;M_W-Wide Flange-Column:W250X67:W250X67:160541;;;6.269523846314038;0.04226796958272932;W250X67;True
1154;IfcColumn;3yX498NoH6cAogvPd4Mlau;M_W-Wide Flange-Column:W250X67:W250X67:169229;;;6.019436520674601;0.04057725079937492;W250X67;True
1155;IfcColumn;3yX498NoH6cAogvPd4MkF9;M_W-Wide Flange-Column:W250X67:W250X67:167932;;;6.019436520674644;0.04057725079937975;W250X67;True
1156;IfcColumn;3saVcraO9CJRqkF0xoeCOT;M_W-Wide Flange-Column:W250X67:W250X67:160623;;;6.26952384631405;0.04226796958272849;W250X67;True
1157;IfcColumn;3saVcraO9CJRqkF0xoeDvf;M_W-Wide Flange-Column:W250X67:W250X67:158491;;;6.2695238463139695;0.04226796958272824;W250X67;True
1158;IfcColumn;3saVcraO9CJRqkF0xoeCu3;M_W-Wide Flange-Column:W250X67:W250X67:162673;;;6.115623953616385;0.041227527254536586;W250X67;True
1159;IfcColumn;3saVcraO9CJRqkF0xoeCRE;M_W-Wide Flange-Column:W250X67:W250X67:160700;;;6.269523846313984;0.042267969582724135;W250X67;True
1160;IfcColumn;3saVcraO9CJRqkF0xoeCVC;M_W-Wide Flange-Column:W250X67:W250X67:160446;;;6.115623953616442;0.041227527254540236;W250X67;True
1161;IfcColumn;3yX498NoH6cAogvPd4Miwc;M_W-Wide Flange-Column:W250X67:W250X67:172691;;;6.019436520674724;0.040577250799380155;W250X67;True
1162;IfcColumn;3saVcraO9CJRqkF0xoeCyk;M_W-Wide Flange-Column:W250X67:W250X67:162396;;;6.115623953616389;0.0412275272545365;W250X67;True
1163;IfcColumn;3saVcraO9CJRqkF0xoeD_w;M_W-Wide Flange-Column:W250X67:W250X67:158408;;;6.269523846314004;0.042267969582726064;W250X67;True
464;IfcSlab;3yX498NoH6cAogvPd4Mk$Y;Floor:64mm Concrete With 38mm Metal Deck:164823;Metal - Decking;0.038;3802.9417721893974;193.00078567196965;Floor:64mm Concrete With 38mm Metal Deck;True
1164;IfcSlab;2XnCNfbvb5mfgxvK1MPFfM;Floor:150mm Slab on Grade:164090;Concrete - Cast In Situ;0.15;5187.392608000019;386.61310560000163;Floor:150mm Slab on Grade;True
1781;IfcSlab;04P9YDzmrE2hYqZJi1w5iG;Floor:150mm Slab on Grade:235000;Concrete - Cast In Situ;0.15;8.849410799999976;0.5748375599999984;Floor:150mm Slab on Grade;True
1782;IfcSlab;1lGrrtZObD3BCuxBCd$E_H;Floor:150mm Exterior Slab on Grade:240432;Concrete - Cast In Situ;0.15;343.26328027569576;25.097949702631375;Floor:150mm Exterior Slab on Grade;True
1783;IfcSlab;2lH_RQeBDBG8rH6PWO_5fC;Floor:150mm Slab on Grade:221475;Concrete - Cast In Situ;0.15;91.59626787695763;6.548327983488844;Floor:150mm Slab on Grade;True
1784;IfcSlab;0EBxs8wY934BfjQnQnJP9Z;Floor:64mm Concrete With 38mm Metal Deck:235649;Metal - Decking;0.038;134.14150860917755;6.654527768441215;Floor:64mm Concrete With 38mm Metal Deck;True
232610;IfcSlab;0VsgkmPnbAuO2d6$Acv6Id;Basic Roof:EPDM Membrane on Rigid Insul on Metal Deck:192693;;;112.76119650540593;6.548425307752121;Basic Roof:EPDM Membrane on Rigid Insul on Metal Deck;True
232611;IfcSlab;1qmIE0AT530u6nHie7uwmF;Basic Roof:EPDM Membrane on Rigid Insul on Metal Deck:234334;;;23.96312994923834;1.291876524460011;Basic Roof:EPDM Membrane on Rigid Insul on Metal Deck;True
232612;IfcSlab;22_kIllv127wWuzeSbBoPm;Basic Roof:EPDM Membrane on Rigid Insul on Metal Deck:190761;;;3193.3260724197617;189.62771502943775;Basic Roof:EPDM Membrane on Rigid Insul on Metal Deck;True
232613;IfcSlab;3R2xqSpSb6wxaYrNqlG$vR;Basic Roof:EPDM Membrane on Rigid Insul on Metal Deck:234248;;;23.96312994923834;1.291876524460011;Basic Roof:EPDM Membrane on Rigid Insul on Metal Deck;True
232614;IfcSlab;1qPR37XKvCSO5N6BiX3XUG;Basic Roof:EPDM Membrane on Rigid Insul on Metal Deck:234050;;;33.726886549984755;1.791946352999096;Basic Roof:EPDM Membrane on Rigid Insul on Metal Deck;True
232615;IfcSlab;30p3vwvQ9DnhwTF3lHIih8;Basic Roof:EPDM Membrane on Rigid Insul on Metal Deck:234228;;;33.726886549984755;1.791946352999096;Basic Roof:EPDM Membrane on Rigid Insul on Metal Deck;True
232616;IfcSlab;2oJ$jhEMn3nhAqn0NbtYKu;Basic Roof:EPDM Membrane on Rigid Insul on Metal Deck:192254;;;1224.7581254093284;72.08808272455983;Basic Roof:EPDM Membrane on Rigid Insul on Metal Deck;True
